MPU Pad,H3LIS Pad,MS5607 Pressure Pad,MS5607 Temperature Pad,Voltage Pad,C1,C2,C3,C4,C5,C6,Line Count
917,-48,6233832,8497154,0,42640,40615,26575,24961,31880,28219,393
Time (ms),Status,Altitude (mm),Velocity (mm/s),Acceleration (mm/s2),Altitude Barometric (mm),Acceleration Axial (mm/s2),Pressure (Pa),Temperature (100*degC),Acceleration MPU_X (2byte 16g),Acceleration MPU_Y (2byte 16g),Acceleration MPU_Z (2byte 16g),Rotation MPU_X (2byte 2000deg/s),Rotation MPU_Y (2byte 2000deg/s),Rotation MPU_Z (2byte 2000deg/s),Acceleration H3LIS Y (2byte 200g),MS5607 Pressure (4byte),MS5607 Temperature (4byte),Voltage (10bit),Continuity Apogee (10bit),Continuity Main (10bit),Continuity Third (10bit)
30389,0,0,0,2013,-532,4027,93371,3148,-189,1792,211,-397,83,93,-16,6233056,8502752,15,13,9,4
30411,0,0,54,3416,-2395,4352,93392,3148,-220,1860,207,-703,-57,194,32,6233568,8502752,15,14,9,10
30434,0,2,143,4331,-532,4903,93371,3148,-206,1975,251,-449,-63,84,64,6233056,8502752,15,13,8,9
30456,0,7,244,4764,-532,5032,93371,3148,-194,2002,380,-178,16,-61,32,6233056,8502752,15,13,10,10
30485,0,16,379,4545,-532,4410,93371,3148,-195,1872,326,40,81,-108,48,6233056,8502752,15,14,9,9
30507,0,25,476,4405,-2395,4319,93392,3148,-199,1853,190,134,84,-50,16,6233568,8502752,15,14,9,10
30529,0,37,573,4408,-532,4410,93371,3148,-205,1872,247,-23,-47,5,32,6233056,8502752,16,15,9,9
30551,0,50,674,4719,-532,4912,93371,3148,-162,1977,294,-71,-72,-32,32,6233056,8502752,15,14,9,9
30580,0,72,810,4681,-2129,4659,93389,3146,-178,1924,375,18,-6,-119,16,6233568,8502240,14,13,10,10
30604,0,93,918,4386,-177,4204,93367,3146,-172,1829,317,149,3,-117,32,6233056,8502240,14,14,9,9
30624,0,112,1000,3965,-2129,3706,93389,3146,-146,1725,365,73,60,5,32,6233568,8502240,15,13,10,9
30648,0,137,1100,4340,-177,4572,93367,3146,-192,1906,259,-97,15,91,16,6233056,8502240,15,14,9,10
30677,0,171,1230,4590,-177,4745,93367,3146,-201,1942,274,-121,4,-39,-16,6233056,8502240,15,14,9,9
30700,0,200,1332,4404,-177,4290,93367,3146,-180,1847,301,-36,28,32,48,6233056,8502240,15,13,9,9
30723,0,232,1435,4508,-177,4572,93367,3146,-214,1906,237,-126,8,97,32,6233056,8502240,15,14,9,10
30747,0,268,1546,4695,-177,4812,93367,3146,-175,1956,260,-240,-48,34,48,6233056,8502240,16,13,9,9
30778,0,318,1691,4782,-1774,4836,93385,3145,-167,1961,324,-55,22,-27,32,6233568,8501728,15,13,10,10
30801,0,358,1795,4400,89,4165,93364,3145,-177,1821,295,80,56,-43,64,6233056,8501728,15,14,9,9
30825,0,402,1901,4429,-177,4448,93367,3146,-133,1880,338,32,57,12,32,6233056,8502240,15,14,8,9
30849,0,448,2003,4313,-1774,4242,93385,3145,-185,1837,290,44,44,35,-16,6233568,8501728,14,14,9,10
30878,0,508,2132,4591,89,4764,93364,3145,-178,1946,273,-26,26,72,32,6233056,8501728,15,14,10,9
30902,0,559,2238,4511,-1774,4462,93385,3145,-173,1883,230,129,-15,6,32,6233568,8501728,14,13,9,10
30927,0,615,2347,4501,-1774,4496,93385,3145,-200,1890,233,204,-25,67,48,6233568,8501728,15,13,9,9
30949,0,668,2446,4545,89,4572,93364,3145,-202,1906,211,79,-10,112,0,6233056,8501728,14,13,9,8
30972,0,725,2554,4893,89,5109,93364,3145,-159,2018,241,66,-15,64,96,6233056,8501728,16,15,10,9
31001,0,799,2690,4768,-1419,4692,93381,3143,-160,1931,272,-88,-1,49,96,6233568,8501216,15,13,9,9
31023,0,859,2796,4934,444,5037,93360,3143,-167,2003,269,5,16,22,16,6233056,8501216,15,13,9,9
31046,0,922,2899,4592,-1774,4381,93385,3145,-144,1866,214,-24,5,-2,48,6233568,8501728,14,14,9,9
31069,0,990,3000,4405,444,4290,93360,3143,-139,1847,228,69,17,109,16,6233056,8501216,14,14,9,9
31099,0,1081,3136,4701,444,4884,93360,3143,-128,1971,234,-6,48,15,32,6233056,8501216,16,14,9,9
31121,0,1150,3238,4713,444,4721,93360,3143,-127,1937,179,35,31,1,32,6233056,8501216,15,14,9,9
31144,0,1225,3344,4706,444,4702,93360,3143,-158,1933,205,6,13,-3,32,6233056,8501216,15,13,9,9
31166,0,1295,3437,4611,-1419,4553,93381,3143,-156,1902,226,99,21,4,48,6233568,8501216,14,13,9,10
31197,0,1399,3572,4657,-1419,4687,93381,3143,-134,1930,194,141,49,-2,32,6233568,8501216,15,13,9,9
31221,0,1484,3681,4752,444,4812,93360,3143,-167,1956,151,133,31,39,48,6233056,8501216,15,13,10,9
31243,0,1560,3777,4898,-1419,4989,93381,3143,-133,1993,140,24,-10,-35,0,6233568,8501216,15,13,9,9
31266,0,1645,3882,4711,444,4596,93360,3143,-191,1911,117,16,-9,-19,32,6233056,8501216,15,14,9,9
31296,0,1757,4008,4563,-1153,4472,93378,3141,-142,1885,202,-46,3,15,32,6233568,8500704,15,13,9,9
31320,0,1851,4112,4512,710,4481,93357,3141,-149,1887,179,-33,-5,106,16,6233056,8500704,14,13,9,10
31343,0,1938,4206,4824,-1153,5018,93378,3141,-102,1999,192,-18,40,89,32,6233568,8500704,15,12,9,9
31367,0,2036,4318,5032,710,5161,93357,3141,-128,2029,122,-19,14,7,48,6233056,8500704,15,13,9,9
31398,0,2161,4458,5084,-1153,5118,93378,3141,-101,2020,165,-70,26,-28,16,6233568,8500704,15,13,9,9
31424,0,2259,4559,4986,-3016,4927,93399,3141,-103,1980,188,-46,30,-38,64,6234080,8500704,15,14,10,10
31448,0,2356,4655,4729,-1153,4572,93378,3141,-116,1906,190,21,31,-20,64,6233568,8500704,15,13,9,9
31472,0,2454,4746,4685,-1153,4659,93378,3141,-91,1924,201,30,20,-25,16,6233568,8500704,15,14,9,9
31496,0,2552,4832,4500,-1153,4386,93378,3141,-144,1867,172,115,30,15,16,6233568,8500704,15,13,9,9
31527,0,2686,4950,4721,-1153,4860,93378,3141,-127,1966,131,102,62,5,64,6233568,8500704,15,13,9,9
31550,0,2790,5047,4842,710,4917,93357,3141,-118,1978,119,116,27,42,32,6233056,8500704,15,13,9,10
31573,0,2885,5131,4917,-1153,4965,93378,3141,-134,1988,83,127,17,-33,-16,6233568,8500704,15,14,10,9
31598,0,2991,5220,4718,-1153,4596,93378,3141,-117,1911,97,146,47,-27,32,6233568,8500704,15,14,10,7
31628,0,3112,5313,4624,-3016,4568,93399,3141,-154,1905,89,76,12,54,-16,6234080,8500704,15,13,10,9
31653,0,3207,5383,4771,-2750,4864,93396,3140,-173,1967,72,50,-14,38,80,6234080,8500192,15,13,9,10
31676,0,3304,5461,4893,-798,4970,93374,3140,-124,1989,70,57,7,64,48,6233568,8500192,14,13,9,9
31701,0,3411,5550,5028,-798,5113,93374,3140,-124,2019,59,81,15,-23,32,6233568,8500192,15,14,10,7
31731,0,3561,5675,4858,1065,4754,93353,3140,-124,1944,98,-68,-11,29,32,6233056,8500192,15,14,9,8
31756,0,3655,5742,4867,-2395,4874,93392,3138,-100,1969,96,62,22,38,48,6234080,8499680,15,14,10,9
31781,0,3761,5825,5193,-798,5396,93374,3140,-117,2078,58,-13,49,-58,80,6233568,8500192,15,14,10,9
31805,0,3861,5902,5004,-798,4888,93374,3140,-114,1972,61,-70,-36,-45,-16,6233568,8500192,15,14,9,10
31837,0,4007,6009,4751,-798,4596,93374,3140,-113,1911,104,20,64,-4,16,6233568,8500192,15,13,9,9
31862,0,4113,6083,4953,-532,5080,93371,3138,-120,2012,23,31,43,46,16,6233568,8499680,14,13,10,9
31885,0,4206,6147,4951,-532,4951,93371,3138,-112,1985,38,-120,-12,-19,64,6233568,8499680,14,13,8,9
31910,0,4309,6219,5039,-532,5094,93371,3138,-105,2015,72,-91,21,38,32,6233568,8499680,14,12,9,9
31940,0,4442,6316,5143,-532,5209,93371,3138,-102,2039,53,-70,31,-57,48,6233568,8499680,15,14,9,9
31965,0,4521,6360,4798,-2395,4587,93392,3138,-128,1909,51,-141,-17,-60,80,6234080,8499680,15,13,9,9
31990,0,4619,6420,4838,-532,4864,93371,3138,-111,1967,95,-94,17,50,64,6233568,8499680,16,15,8,9
32014,0,4709,6476,4995,-532,5094,93371,3138,-127,2015,33,-42,28,-69,16,6233568,8499680,15,13,8,10
32039,0,4803,6534,4926,-532,4884,93371,3138,-126,1971,69,-54,7,-74,32,6233568,8499680,15,14,9,9
32070,0,4934,6617,4836,-532,4783,93371,3138,-96,1950,36,-8,20,-29,32,6233568,8499680,15,13,9,9
32093,0,4984,6632,4734,-2395,4673,93392,3138,-89,1927,90,-74,8,-6,32,6234080,8499680,15,14,9,9
32116,0,5057,6669,4805,-532,4850,93371,3138,-116,1964,90,-29,45,27,16,6233568,8499680,15,13,8,9
32140,0,5108,6685,4761,-2395,4735,93392,3138,-103,1940,29,-12,23,8,64,6234080,8499680,14,13,8,9
32171,0,5229,6759,5019,-532,5180,93371,3138,-96,2033,30,-106,17,1,32,6233568,8499680,15,14,8,9
32195,0,5306,6805,5076,-177,5113,93367,3136,-100,2019,59,-104,-20,8,80,6233568,8499168,15,14,9,10
32219,0,5375,6844,5051,-532,5037,93371,3138,-117,2003,100,-83,26,-41,0,6233568,8499680,15,14,8,9
32244,0,5448,6885,5003,-532,4975,93371,3138,-64,1990,87,-29,34,-54,80,6233568,8499680,14,13,8,10
32274,0,5557,6949,4795,-177,4668,93367,3136,-82,1926,112,-104,36,-55,48,6233568,8499168,15,14,9,10
32297,0,5616,6973,4665,-177,4587,93367,3136,-150,1909,49,-40,9,22,48,6233568,8499168,16,13,10,9
32321,0,5674,6998,4953,-532,5133,93371,3138,-99,2023,55,7,66,1,16,6233568,8499680,15,14,8,8
32346,0,5741,7032,4838,-177,4769,93367,3136,-104,1947,16,-41,30,-30,-16,6233568,8499168,15,13,9,9
32376,0,5833,7083,4951,-532,5022,93371,3138,-114,2000,30,-162,9,15,80,6233568,8499680,15,14,9,9
32400,0,5887,7107,4849,-177,4788,93367,3136,-101,1951,48,-99,22,-8,64,6233568,8499168,15,14,10,10
32422,0,5925,7121,4931,-177,4984,93367,3136,-88,1992,45,-113,36,2,48,6233568,8499168,15,13,10,9
32446,0,5936,7116,4989,-2129,5027,93389,3136,-82,2001,72,-75,35,-22,48,6234080,8499168,15,13,9,8
32477,0,5992,7140,4852,-2129,4769,93389,3136,-95,1947,82,-56,36,-45,48,6234080,8499168,15,14,8,10
32501,0,6035,7160,4998,-177,5090,93367,3136,-82,2014,49,16,47,-40,16,6233568,8499168,15,13,9,9
32523,0,6021,7140,4958,-2129,4936,93389,3136,-105,1982,14,183,57,-115,80,6234080,8499168,16,13,9,9
32546,0,6053,7152,4796,-177,4697,93367,3136,-95,1932,65,169,28,-49,48,6233568,8499168,15,14,9,9
32574,0,6117,7182,4671,-177,4596,93367,3136,-114,1911,7,-58,-20,3,16,6233568,8499168,15,14,10,10
32597,0,6143,7190,4875,-177,5003,93367,3136,-109,1996,-10,-85,25,27,32,6233568,8499168,15,13,9,9
32621,0,6175,7204,4865,-177,4860,93367,3136,-122,1966,5,-102,20,-22,32,6233568,8499168,14,13,10,9
32646,0,6217,7225,4852,89,4845,93364,3134,-118,1963,34,-110,34,40,16,6233568,8498656,15,13,9,9
32670,0,6244,7237,4977,-177,5056,93367,3136,-112,2007,32,-46,27,-36,32,6233568,8499168,15,13,9,9
32699,0,6304,7275,5028,-177,5061,93367,3136,-94,2008,19,64,57,-5,64,6233568,8499168,15,14,9,9
32722,0,6273,7254,5201,-2129,5310,93389,3136,-113,2060,25,39,36,-53,16,6234080,8499168,14,13,10,10
32747,0,6301,7272,4995,-177,4869,93367,3136,-105,1968,49,-52,54,-50,48,6233568,8499168,15,14,9,9
32772,0,6371,7316,4828,1686,4726,93346,3136,-123,1938,18,-59,47,-11,16,6233056,8499168,14,14,10,9
32801,0,6422,7345,4855,-177,4874,93367,3136,-125,1969,2,-69,34,-37,16,6233568,8499168,14,14,9,9
32826,0,6404,7328,4845,-1774,4841,93385,3134,-158,1962,-43,-34,37,-38,64,6234080,8498656,15,13,9,10
32850,0,6377,7306,4823,-1774,4812,93385,3134,-142,1956,7,-48,-2,-14,48,6234080,8498656,14,13,9,9
32875,0,6356,7289,4830,-1774,4836,93385,3134,-155,1961,39,-65,10,-16,48,6234080,8498656,14,13,10,7
32906,0,6461,7358,4874,1686,4903,93346,3136,-125,1975,48,-92,28,-11,16,6233056,8499168,15,13,9,11
32930,0,6523,7397,4784,2040,4730,93342,3134,-68,1939,41,-70,33,10,48,6233056,8498656,15,13,9,9
32955,0,6494,7377,4927,-1774,5018,93385,3134,-102,1999,10,-100,20,21,32,6234080,8498656,15,14,8,9
32979,0,6464,7361,5068,-1508,5157,93382,3133,-137,2028,-16,-42,36,-44,48,6234080,8498144,15,13,9,9
33010,0,6532,7413,5027,444,5003,93360,3133,-113,1996,-14,-68,46,-75,48,6233568,8498144,14,14,9,9
33035,0,6546,7422,4751,89,4582,93364,3134,-133,1908,16,-143,13,-17,0,6233568,8498656,15,14,9,10
33059,0,6510,7399,4776,-1508,4793,93382,3133,-121,1952,25,-92,19,-19,48,6234080,8498144,15,13,9,9
33083,0,6574,7441,4868,2307,4927,93339,3133,-135,1980,-2,-87,16,-14,32,6233056,8498144,14,15,8,9
33112,0,6624,7475,4838,444,4821,93360,3133,-101,1958,7,-103,29,3,64,6233568,8498144,15,13,9,10
33135,0,6576,7449,4971,-1508,5056,93382,3133,-107,2007,2,-78,19,2,64,6234080,8498144,15,13,10,9
33160,0,6585,7463,5099,89,5180,93364,3134,-133,2033,7,-103,10,0,32,6233568,8498656,15,13,9,9
33184,0,6544,7444,4914,-1508,4802,93382,3133,-147,1954,3,-92,5,-66,64,6234080,8498144,15,13,10,8
33207,0,6548,7450,4731,444,4620,93360,3133,-115,1916,2,-80,37,-14,32,6233568,8498144,14,14,9,8
33238,0,6557,7460,4881,-1508,4975,93382,3133,-108,1990,28,-75,33,0,32,6234080,8498144,14,14,9,10
33263,0,6573,7476,4872,444,4869,93360,3133,-106,1968,33,-97,33,-28,64,6233568,8498144,14,12,9,9
33287,0,6582,7488,4899,444,4917,93360,3133,-137,1978,18,-78,34,11,64,6233568,8498144,16,13,9,9
33311,0,6590,7501,4983,444,5037,93360,3133,-135,2003,-5,-65,30,14,16,6233568,8498144,15,14,9,9
33341,0,6642,7543,4959,444,4946,93360,3133,-92,1984,26,-75,21,-23,32,6233568,8498144,14,13,9,10
33366,0,6612,7534,4979,-1153,4994,93378,3131,-123,1994,38,-71,18,-30,32,6234080,8497632,15,13,9,9
33391,0,6633,7556,4940,710,4917,93357,3131,-64,1978,39,-47,35,-22,16,6233568,8497632,15,14,10,9
33415,0,6595,7539,4797,-1153,4711,93378,3131,-102,1935,4,-91,34,13,32,6234080,8497632,15,14,9,12
33445,0,6653,7583,4912,710,4984,93357,3131,-111,1992,18,-90,21,-26,48,6233568,8497632,16,14,10,9
33470,0,6672,7604,4940,710,4960,93357,3131,-131,1987,-14,-42,34,9,96,6233568,8497632,15,13,9,9
33495,0,6639,7594,4966,-1153,4984,93378,3131,-112,1992,11,-83,20,-35,48,6234080,8497632,15,12,8,10
33520,0,6607,7582,4772,-1153,4654,93378,3131,-83,1923,67,-107,11,20,32,6234080,8497632,15,14,9,9
33549,0,6604,7590,4964,-1153,5085,93378,3131,-111,2013,56,-105,41,15,32,6234080,8497632,14,15,8,10
33573,0,6616,7609,4987,710,5003,93357,3131,-89,1996,59,-102,21,-38,48,6233568,8497632,14,13,10,11
33598,0,6583,7598,4786,-1153,4663,93378,3131,-136,1925,50,-125,38,-7,32,6234080,8497632,14,14,9,9
33621,0,6598,7615,4902,1065,4975,93353,3129,-136,1990,42,-75,43,-4,16,6233568,8497120,15,13,9,8
33650,0,6605,7629,4777,-798,4702,93374,3129,-144,1933,24,-82,7,-20,48,6234080,8497120,14,14,8,9
33674,0,6565,7614,4901,-1153,4979,93378,3131,-132,1991,26,-73,8,3,16,6234080,8497632,15,13,9,9
33696,0,6574,7628,4875,1065,4860,93353,3129,-131,1966,57,-131,-17,3,-16,6233568,8497120,14,13,9,9
33718,0,6530,7612,4923,-798,4955,93374,3129,-91,1986,83,-72,12,4,16,6234080,8497120,15,13,9,9
33740,0,6489,7598,4904,-798,4893,93374,3129,-84,1973,58,-53,37,1,48,6234080,8497120,15,14,9,10
33769,0,6499,7618,4961,-798,4999,93374,3129,-81,1995,9,-87,8,6,32,6234080,8497120,15,13,10,9
33792,0,6465,7609,4883,-798,4836,93374,3129,-89,1961,92,-38,41,-35,80,6234080,8497120,15,13,10,9
33815,0,6432,7602,5004,-798,5080,93374,3129,-101,2012,29,95,61,-34,64,6234080,8497120,15,14,9,10
33839,0,6353,7569,4943,-2750,4908,93396,3129,-94,1976,59,283,61,-84,64,6234592,8497120,15,13,9,9
33869,0,6374,7598,4973,-798,4994,93374,3129,-121,1994,37,1373,162,-125,32,6234080,8497120,15,13,9,9
33892,0,6343,7595,5165,-798,5286,93374,3129,-138,2055,-128,1628,195,-83,32,6234080,8497120,14,13,9,10
33916,0,6373,7638,5662,1065,5971,93353,3129,-295,2198,-315,2132,-99,-208,112,6233568,8497120,15,13,9,9
33941,0,6366,7665,5633,-532,5616,93371,3128,-62,2124,-364,3270,45,-131,48,6234080,8496608,15,13,9,13
33971,0,6396,7708,5091,-532,4759,93371,3128,-105,1945,-545,3698,206,-417,32,6234080,8496608,15,13,9,10
33996,0,6388,7712,4604,-532,4304,93371,3128,-160,1850,-782,2988,12,-206,16,6234080,8496608,14,14,9,9
34020,0,6366,7708,4900,-798,5085,93374,3129,-185,2013,-846,2477,-38,-229,48,6234080,8497120,15,14,9,7
34045,0,6360,7711,4643,-532,4486,93371,3128,-236,1888,-997,2887,101,-250,32,6234080,8496608,15,13,8,8
34075,0,6443,7762,4465,1331,4357,93350,3128,-176,1861,-1384,4385,31,-71,16,6233568,8496608,15,13,9,8
34098,0,6430,7749,4072,-177,3830,93367,3126,-166,1751,-1705,6394,-197,-127,16,6234080,8496096,15,13,10,10
34121,0,6407,7722,3714,-532,3495,93371,3128,-189,1681,-1955,8583,-446,-390,64,6234080,8496608,15,14,8,9
34146,0,6451,7709,2347,1331,1503,93350,3128,-184,1265,-2242,10248,-464,-1006,-16,6233568,8496608,15,12,9,7
34177,0,6484,7605,-1037,-532,-3127,93371,3128,-226,298,-2168,11691,118,-1047,-96,6234080,8496608,15,13,10,5
34203,0,6474,7401,-4617,-532,-6829,93371,3128,-258,-475,-1999,12022,900,-704,-144,6234080,8496608,13,12,9,10
34226,0,6448,7137,-7734,-177,-9659,93367,3126,-211,-1066,-2031,11334,1543,3,-224,6234080,8496096,14,13,10,9
34250,0,6413,6805,-9812,-532,-11095,93371,3128,-146,-1366,-1957,10217,1798,444,-240,6234080,8496608,14,14,9,9
34274,0,6434,6465,-11558,1686,-12637,93346,3126,-180,-1688,-1774,8519,1423,338,-240,6233568,8496096,14,14,9,10
34304,0,6472,6014,-12639,1331,-13307,93350,3128,-217,-1828,-1306,5200,691,528,-256,6233568,8496608,15,13,10,9
34328,0,6472,5629,-12730,1686,-12785,93346,3126,-150,-1719,-1240,2133,16,420,-272,6233568,8496096,15,14,8,9
34353,0,6469,5225,-13123,1686,-13365,93346,3126,-159,-1840,-1003,310,-466,24,-240,6233568,8496096,15,14,9,9
34377,0,6451,4822,-13723,1686,-14093,93346,3126,-163,-1992,-815,-43,-510,-44,-256,6233568,8496096,15,13,9,10
34408,0,6390,4286,-13423,-532,-13236,93371,3128,-198,-1956,-864,520,-357,-89,-240,6234080,8496608,15,15,9,9
34432,0,6299,3854,-13588,-177,-13690,93367,3126,-181,-2051,-721,840,-198,-58,-512,6234080,8496096,15,13,9,8
34457,0,6194,3405,-13415,-532,-13307,93371,3128,-242,-1971,-726,624,-137,3,-288,6234080,8496608,14,14,9,9
34481,0,6088,2982,-13145,-177,-12977,93367,3126,-225,-1902,-781,137,-234,-116,-256,6234080,8496096,16,14,10,12
34513,0,5995,2456,-13264,-177,-13336,93367,3126,-198,-1977,-709,-256,-226,-242,-256,6234080,8496096,14,13,9,9
34538,0,5927,2051,-13439,1686,-13547,93346,3126,-132,-2021,-830,-134,-252,-240,-272,6233568,8496096,15,13,8,10
34562,0,5796,1622,-13826,-177,-14064,93367,3126,-100,-2129,-786,108,-130,-143,-288,6234080,8496096,15,12,9,9
34586,0,5703,1221,-13600,1331,-13461,93350,3128,-134,-2003,-675,175,30,-35,-272,6233568,8496608,15,14,9,10
34617,0,5618,731,-13722,1686,-13796,93346,3126,-112,-2073,-860,-36,-75,-145,-240,6233568,8496096,15,13,9,10
34642,0,5455,287,-13744,-532,-13757,93371,3128,-91,-2065,-786,-330,-314,-137,-288,6234080,8496608,15,14,10,9
34668,0,5296,-161,-13773,-177,-13791,93367,3126,-115,-2072,-707,-582,-212,-63,-272,6234080,8496096,15,14,9,9
34693,0,5120,-599,-13681,-532,-13623,93371,3128,-124,-2037,-717,-353,-81,44,-272,6234080,8496608,15,14,9,9
34722,0,4945,-1081,-13622,-177,-13585,93367,3126,-111,-2029,-803,121,-9,-6,-224,6234080,8496096,15,13,9,10
34745,0,4715,-1507,-13440,-2129,-13326,93389,3126,-134,-1975,-801,140,42,12,-272,6234592,8496096,15,13,9,9
34768,0,4537,-1892,-13237,-177,-13111,93367,3126,-171,-1930,-809,-92,-99,-84,-256,6234080,8496096,14,14,9,9
34790,0,4304,-2295,-13556,-2129,-13753,93389,3126,-160,-2064,-813,-352,-180,-118,-272,6234592,8496096,15,14,9,10
34820,0,4156,-2744,-13586,1686,-13604,93346,3126,-117,-2033,-797,-213,-151,36,-256,6233568,8496096,14,15,9,9
34842,0,3970,-3108,-13286,-177,-13101,93367,3126,-139,-1928,-796,22,-116,-12,-192,6234080,8496096,15,13,9,9
34864,0,3783,-3467,-13341,-177,-13374,93367,3126,-134,-1985,-782,137,-39,-75,-288,6234080,8496096,15,14,9,9
34887,0,3642,-3807,-13438,1686,-13499,93346,3126,-134,-2011,-745,-30,59,-105,-224,6233568,8496096,14,13,8,9
34909,0,3450,-4164,-13511,-177,-13556,93367,3126,-120,-2023,-825,-202,-45,-67,-272,6234080,8496096,14,14,9,10
34939,0,3219,-4624,-13394,-177,-13322,93367,3126,-125,-1974,-783,-228,-45,12,-336,6234080,8496096,15,14,9,9
34962,0,2961,-5017,-13406,-2129,-13413,93389,3126,-131,-1993,-766,-124,3,-39,-272,6234592,8496096,15,14,9,9
34986,0,2741,-5394,-13464,-532,-13499,93371,3128,-129,-2011,-804,8,-3,-73,-224,6234080,8496608,14,13,9,9
35007,0,2599,-5693,-13518,1686,-13552,93346,3126,-124,-2022,-850,101,-37,-54,-288,6233568,8496096,14,14,9,9
35036,0,2299,-6158,-13527,-2129,-13532,93389,3126,-121,-2018,-771,84,23,-37,-288,6234592,8496096,15,13,9,9
35060,0,2134,-6490,-13533,1686,-13537,93346,3126,-137,-2019,-851,-54,-1,-93,-256,6233568,8496096,14,13,9,10
35083,0,1973,-6806,-13497,1686,-13475,93346,3126,-113,-2006,-841,-184,-71,-109,-336,6233568,8496096,15,14,10,9
35106,0,1702,-7183,-13699,-2129,-13824,93389,3126,-107,-2079,-792,-115,-119,-78,-288,6234592,8496096,14,13,9,9
35134,0,1438,-7598,-13667,-532,-13647,93371,3128,-121,-2042,-727,91,-45,22,-288,6234080,8496608,15,14,9,9
35157,0,1164,-7965,-13486,-2129,-13374,93389,3126,-104,-1985,-758,263,25,12,-256,6234592,8496096,15,14,8,9
35181,0,989,-8276,-13414,1686,-13370,93346,3126,-130,-1984,-799,205,37,-60,-272,6233568,8496096,15,13,9,9
35203,0,777,-8585,-13348,-177,-13307,93367,3126,-110,-1971,-809,3,26,-91,-288,6234080,8496096,15,13,9,8
35234,0,537,-8983,-13512,1686,-13614,93346,3126,-147,-2035,-807,-152,-83,-68,-256,6233568,8496096,15,14,8,9
35256,0,322,-9290,-13583,-177,-13628,93367,3126,-118,-2038,-733,-124,-82,-29,-288,6234080,8496096,15,13,9,9
35279,0,139,-9581,-13486,1331,-13427,93350,3128,-108,-1996,-710,3,-55,-8,-272,6233568,8496608,16,13,10,12
35302,0,-86,-9893,-13497,-177,-13504,93367,3126,-102,-2012,-720,183,-4,-54,-272,6234080,8496096,15,14,10,8
35333,0,-393,-10308,-13528,-177,-13547,93367,3126,-96,-2021,-735,320,13,-70,-224,6234080,8496096,15,13,9,9
35356,0,-621,-10611,-13471,-177,-13437,93367,3126,-89,-1998,-732,321,34,-70,-304,6234080,8496096,16,14,9,9
35379,0,-797,-10878,-13328,1686,-13240,93346,3126,-119,-1957,-697,292,14,-93,-288,6233568,8496096,14,14,9,10
35403,0,-1082,-11207,-13215,-1774,-13145,93385,3124,-114,-1937,-659,245,58,-189,-272,6234592,8495584,14,13,8,10
35434,0,-1400,-11598,-13319,-177,-13384,93367,3126,-59,-1987,-671,219,143,-393,-272,6234080,8496096,15,13,9,8
35455,0,-1605,-11855,-13329,-177,-13336,93367,3126,-47,-1977,-629,324,164,-415,-272,6234080,8496096,15,14,10,10
35478,0,-1834,-12140,-13795,-177,-14083,93367,3126,6,-2133,-711,583,152,-355,-288,6234080,8496096,14,14,9,9
35503,0,-2141,-12489,-14067,-2129,-14236,93389,3126,-40,-2165,-622,452,103,-109,-288,6234592,8496096,16,13,9,9
35533,0,-2456,-12869,-13795,-177,-13628,93367,3126,11,-2038,-682,-51,-148,-102,-272,6234080,8496096,15,14,10,9
35557,0,-2696,-13157,-13736,-177,-13700,93367,3126,2,-2053,-493,-381,-174,-130,-288,6234080,8496096,15,13,9,9
35582,0,-2949,-13458,-13976,-177,-14126,93367,3126,6,-2142,-550,-321,-149,-182,-288,6234080,8496096,15,13,8,9
35606,0,-3188,-13746,-14192,-177,-14327,93367,3126,27,-2184,-561,133,-11,-43,-304,6234080,8496096,15,13,9,9
35637,0,-3533,-14127,-13704,-532,-13403,93371,3128,-18,-1991,-520,393,149,70,-272,6234080,8496608,15,13,9,9
35660,0,-3695,-14344,-13532,2040,-13427,93342,3124,-14,-1996,-533,279,95,-73,-304,6233568,8495584,13,13,11,9
35683,0,-3920,-14596,-13777,-177,-13930,93367,3126,-41,-2101,-522,128,29,5,-224,6234080,8496096,15,14,9,9
35707,0,-4106,-14829,-13699,1686,-13652,93346,3126,-6,-2043,-525,140,9,0,-256,6233568,8496096,15,13,9,9
35737,0,-4432,-15169,-13755,-177,-13791,93367,3126,-22,-2072,-449,85,30,33,-256,6234080,8496096,14,13,9,9
35759,0,-4640,-15397,-13712,-177,-13686,93367,3126,-35,-2050,-424,183,32,24,-304,6234080,8496096,15,13,9,9
35783,0,-4876,-15647,-13674,-177,-13652,93367,3126,-10,-2043,-415,236,13,-46,-272,6234080,8496096,15,14,9,9
35808,0,-5128,-15907,-13799,-177,-13877,93367,3126,-43,-2090,-512,108,86,-23,-272,6234080,8496096,15,14,8,9
35837,0,-5441,-16220,-13849,-177,-13882,93367,3126,7,-2091,-435,171,13,7,-272,6234080,8496096,15,13,9,9
35866,0,-5809,-16558,-13786,-2129,-13748,93389,3126,-14,-2063,-436,169,-34,-30,-304,6234592,8496096,15,13,8,9
35889,0,-6023,-16775,-13705,-177,-13657,93367,3126,-20,-2044,-382,162,-5,-4,-240,6234080,8496096,15,13,9,9
35913,0,-6252,-17001,-13660,-177,-13633,93367,3126,12,-2039,-417,155,-5,-124,-288,6234080,8496096,15,14,8,9
35938,0,-6496,-17239,-13799,-177,-13887,93367,3126,-5,-2092,-414,17,-47,-100,-256,6234080,8496096,15,13,9,9
35966,0,-6790,-17513,-13816,-177,-13829,93367,3126,9,-2080,-405,-153,-79,-38,-272,6234080,8496096,15,13,9,9
35990,0,-7024,-17733,-13669,-532,-13580,93371,3128,-21,-2028,-374,-6,-94,-87,-288,6234080,8496608,14,13,9,9
36016,0,-7281,-17969,-13702,-177,-13724,93367,3126,47,-2058,-378,1,-30,-195,-224,6234080,8496096,15,14,9,9
36040,0,-7502,-18174,-13685,-177,-13676,93367,3126,6,-2048,-197,222,-35,-245,-304,6234080,8496096,14,13,9,9
36070,0,-7828,-18456,-13797,-177,-13868,93367,3126,42,-2088,-295,485,7,-84,-288,6234080,8496096,14,14,9,9
36093,0,-7972,-18607,-13629,1686,-13528,93346,3126,-6,-2017,-302,461,101,-120,-272,6233568,8496096,15,13,9,10
36117,0,-8243,-18833,-13793,-2129,-13896,93389,3126,32,-2094,-355,355,-10,-87,-240,6234592,8496096,15,13,9,10
36139,0,-8420,-18997,-13758,-177,-13738,93367,3126,59,-2061,-323,406,-23,-119,-224,6234080,8496096,15,13,9,9
36168,0,-8725,-19253,-13863,-177,-13930,93367,3126,52,-2101,-245,301,27,-80,-272,6234080,8496096,15,14,9,8
36190,0,-8897,-19410,-13859,-177,-13858,93367,3126,41,-2086,-277,249,-54,-105,-272,6234080,8496096,14,13,9,9
36214,0,-9115,-19596,-13745,-532,-13676,93371,3128,46,-2048,-387,77,-5,-109,-304,6234080,8496608,14,13,10,12
36236,0,-9294,-19752,-13763,-532,-13777,93371,3128,47,-2069,-184,90,-21,-9,-320,6234080,8496608,14,13,9,9
36265,0,-9660,-20025,-13569,-2395,-13451,93392,3128,43,-2001,-244,53,-53,-39,-272,6234592,8496608,15,13,8,10
36288,0,-9842,-20178,-13877,-177,-14069,93367,3126,79,-2130,-190,89,-66,-14,-272,6234080,8496096,15,13,9,9
36311,0,-9980,-20310,-14080,1331,-14208,93350,3128,117,-2159,-286,391,14,-84,-224,6233568,8496608,16,15,9,10
36332,0,-10078,-20411,-13862,1331,-13729,93350,3128,39,-2059,-114,305,191,95,-272,6233568,8496608,14,14,9,10
36360,0,-10359,-20622,-13435,-177,-13173,93367,3126,42,-1943,-197,209,65,2,-288,6234080,8496096,16,14,10,10
36383,0,-10483,-20728,-13570,1686,-13657,93346,3126,68,-2044,-140,220,-5,-93,-288,6233568,8496096,15,13,9,9
36406,0,-10659,-20868,-13838,-177,-14006,93367,3126,80,-2117,-203,287,73,-132,-288,6234080,8496096,16,13,9,9
36429,0,-10834,-21007,-13748,-177,-13695,93367,3126,48,-2052,-102,261,104,32,-272,6234080,8496096,15,13,9,10
36451,0,-10987,-21129,-13702,-177,-13676,93367,3126,88,-2048,-131,68,90,18,-288,6234080,8496096,15,14,9,10
36479,0,-11211,-21295,-13634,1686,-13595,93346,3126,77,-2031,-172,-64,30,-169,-272,6233568,8496096,15,13,9,10
36502,0,-11380,-21425,-13854,-177,-13992,93367,3126,45,-2114,-120,18,-43,-141,-224,6234080,8496096,16,13,8,11
36526,0,-11624,-21595,-13604,-2129,-13451,93389,3126,1,-2001,104,-386,193,89,-272,6234592,8496096,15,13,9,9
36549,0,-11799,-21724,-13848,-532,-14002,93371,3128,248,-2116,-459,-833,55,190,-288,6234080,8496608,15,13,9,9
36579,0,-12068,-21906,-13334,1331,-13020,93350,3128,74,-1911,-55,-735,-167,-105,-240,6233568,8496608,16,14,8,9
36602,0,-12227,-22014,-13529,-177,-13652,93367,3126,117,-2043,-327,-364,-116,-238,-240,6234080,8496096,15,13,9,11
36626,0,-12405,-22142,-14050,-177,-14375,93367,3126,101,-2194,-201,121,25,-59,-256,6234080,8496096,15,13,9,9
36650,0,-12582,-22269,-13865,-177,-13753,93367,3126,92,-2064,-166,259,163,77,-256,6234080,8496096,15,13,9,9
36681,0,-12918,-22490,-13829,-532,-13810,93371,3128,76,-2076,-231,2,78,23,-272,6234080,8496608,14,13,9,10
36704,0,-13022,-22566,-13827,1331,-13829,93350,3128,96,-2080,-240,-132,-6,95,-272,6233568,8496608,15,13,9,9
36726,0,-13146,-22649,-13501,-177,-13303,93367,3126,80,-1970,-70,-215,81,72,-256,6234080,8496096,15,14,9,8
36749,0,-13291,-22742,-13605,-177,-13671,93367,3126,85,-2047,-219,-174,62,-182,-240,6234080,8496096,15,13,9,9
36779,0,-13652,-22968,-14034,-2395,-14303,93392,3128,59,-2179,-275,-175,6,-2,-272,6234592,8496608,15,14,8,9
36803,0,-13758,-23043,-13938,1686,-13882,93346,3126,78,-2091,-224,-212,-51,129,-272,6233568,8496096,14,13,10,9
36827,0,-13916,-23143,-13653,-177,-13480,93367,3126,32,-2007,-183,-257,-65,45,-272,6234080,8496096,15,14,8,9
36851,0,-14082,-23242,-13568,-532,-13518,93371,3128,47,-2015,-188,-271,-6,-8,-272,6234080,8496608,15,13,8,9
36881,0,-14371,-23410,-13585,-177,-13599,93367,3126,69,-2032,-231,-97,57,-71,-288,6234080,8496096,15,13,9,9
36904,0,-14506,-23486,-13563,-532,-13552,93371,3128,71,-2022,-279,33,86,-149,-256,6234080,8496608,15,14,9,10
36929,0,-14730,-23615,-13699,-2129,-13786,93389,3126,89,-2071,-230,48,80,-103,-272,6234592,8496096,14,14,9,9
36952,0,-14860,-23689,-13709,-532,-13719,93371,3128,78,-2057,-203,-61,-19,-61,-304,6234080,8496608,15,15,10,8
36976,0,-15012,-23774,-13604,-532,-13542,93371,3128,133,-2020,-204,-139,-80,-94,-288,6234080,8496608,15,13,9,10
37007,0,-15270,-23918,-13779,1331,-13892,93350,3128,67,-2093,-200,-103,-61,-86,-272,6233568,8496608,14,14,9,9
37031,0,-15403,-23993,-13932,-177,-14030,93367,3126,139,-2122,-197,-97,12,13,-272,6234080,8496096,15,14,9,8
37055,0,-15545,-24071,-13730,-532,-13609,93371,3128,84,-2034,-196,27,70,9,-272,6234080,8496608,15,13,9,9
37076,0,-15605,-24098,-13541,-177,-13427,93367,3126,74,-1996,-200,-17,62,-64,-288,6234080,8496096,15,14,10,8
37106,0,-15874,-24240,-13619,-177,-13671,93367,3126,111,-2047,-196,-82,-74,-109,-240,6234080,8496096,15,13,9,8
37130,0,-16008,-24308,-13821,-532,-13949,93371,3128,101,-2105,-210,-188,-80,-59,-272,6234080,8496608,15,14,9,9
37153,0,-16117,-24365,-13910,-532,-13968,93371,3128,110,-2109,-266,-131,-76,-35,-304,6234080,8496608,14,15,9,9
37177,0,-16238,-24425,-13725,-177,-13614,93367,3126,101,-2035,-185,-53,-27,-65,-272,6234080,8496096,14,14,9,9
37208,0,-16532,-24578,-13662,-532,-13628,93371,3128,96,-2038,-201,59,43,-92,-288,6234080,8496608,14,14,9,9
37232,0,-16654,-24633,-13690,-532,-13710,93371,3128,89,-2055,-289,25,31,-12,-288,6234080,8496608,14,14,9,11
37253,0,-16639,-24609,-13507,1686,-13398,93346,3126,104,-1990,-182,-163,22,-52,-240,6233568,8496096,15,13,9,9
37279,0,-16809,-24685,-13491,-532,-13485,93371,3128,119,-2008,-297,-351,-160,-144,-272,6234080,8496608,14,14,9,9
37308,0,-17035,-24791,-13514,-177,-13532,93367,3126,165,-2018,-230,-436,-110,-292,-256,6234080,8496096,15,13,8,9
37333,0,-17171,-24851,-13819,-532,-14011,93371,3128,106,-2118,-324,-105,-124,-337,-272,6234080,8496608,15,13,10,11
37357,0,-17281,-24900,-13903,-532,-13959,93371,3128,344,-2107,-171,-756,47,-108,-288,6234080,8496608,15,14,9,9
37380,0,-17355,-24932,-14027,-177,-14107,93367,3126,290,-2138,-351,-1017,38,-17,-272,6234080,8496096,14,13,9,9
37409,0,-17636,-25077,-13905,-2395,-13834,93392,3128,237,-2081,-318,-1267,74,-72,-272,6234592,8496608,15,14,9,9
37433,0,-17737,-25118,-13818,-532,-13767,93371,3128,185,-2067,-405,-1110,96,-159,-32,6234080,8496608,15,13,8,9
37455,0,-17789,-25132,-13926,-532,-13997,93371,3128,118,-2115,-369,-787,145,-106,-288,6234080,8496608,16,13,10,10
37477,0,-17893,-25181,-14258,-2395,-14466,93392,3128,189,-2213,-611,-145,93,50,-288,6234592,8496608,15,14,9,9
37499,0,-17935,-25193,-14009,-177,-13858,93367,3126,158,-2086,-456,73,155,219,-272,6234080,8496096,16,14,9,10
37528,0,-18157,-25297,-13673,-532,-13470,93371,3128,174,-2005,-557,127,142,56,-240,6234080,8496608,15,15,10,8
37550,0,-18192,-25297,-13859,-177,-13978,93367,3126,147,-2111,-469,-4,105,-14,-16,6234080,8496096,15,13,9,11
37573,0,-18263,-25317,-13794,-532,-13757,93371,3128,66,-2065,-378,-312,164,17,-272,6234080,8496608,14,12,9,10
37595,0,-18309,-25324,-13885,-532,-13944,93371,3128,146,-2104,-619,-256,-4,135,-240,6234080,8496608,15,14,9,10
37623,0,-18439,-25373,-13744,1686,-13662,93346,3126,171,-2045,-640,-524,12,76,-256,6233568,8496096,15,13,9,9
37647,0,-18519,-25395,-13753,-177,-13762,93367,3126,163,-2066,-594,-364,-41,94,-272,6234080,8496096,14,13,9,10
37669,0,-18560,-25397,-13801,-532,-13834,93371,3128,190,-2081,-618,-383,-45,109,-256,6234080,8496608,14,13,9,9
37692,0,-18625,-25411,-13736,-532,-13700,93371,3128,131,-2053,-548,-345,-39,102,-272,6234080,8496608,14,13,9,9
37720,0,-18749,-25453,-13714,1686,-13705,93346,3126,103,-2054,-561,-407,-17,38,-240,6233568,8496096,14,13,9,10
37744,0,-18781,-25443,-13602,1331,-13537,93350,3128,122,-2019,-637,-579,-86,-3,-288,6233568,8496608,15,14,9,9
37766,0,-18806,-25432,-13654,-177,-13690,93367,3126,99,-2051,-728,-721,-195,-48,-512,6234080,8496096,15,13,9,9
37789,0,-18857,-25434,-13571,-177,-13523,93367,3126,79,-2016,-694,-974,-287,-33,-256,6234080,8496096,15,14,9,10
37820,0,-19112,-25542,-13527,-532,-13504,93371,3128,136,-2012,-745,-1244,-325,-14,-240,6234080,8496608,15,13,9,9
37845,0,-19212,-25567,-13578,-532,-13614,93371,3128,101,-2035,-830,-1169,-263,-37,-240,6234080,8496608,16,14,8,9
37869,0,-19285,-25580,-13710,-532,-13796,93371,3128,127,-2073,-1022,-950,-236,-1,-304,6234080,8496608,14,13,8,10
37892,0,-19270,-25542,-13571,1686,-13489,93346,3126,69,-2009,-991,-1239,-224,2,-288,6233568,8496096,15,13,9,9
37923,0,-19462,-25609,-13378,1331,-13264,93350,3128,87,-1962,-1026,-1741,-274,85,-48,6233568,8496608,15,13,9,10
37946,0,-19449,-25564,-13195,1331,-13087,93350,3128,139,-1925,-1108,-1809,-314,72,-288,6233568,8496608,15,13,9,10
37970,0,-19514,-25557,-12913,-532,-12742,93371,3128,47,-1853,-1186,-2224,-302,76,-224,6234080,8496608,15,13,10,9
37994,0,-19578,-25547,-12920,-532,-12929,93371,3128,53,-1892,-1401,-2910,-509,124,-240,6234080,8496608,15,13,9,10
38025,0,-19802,-25611,-12638,-177,-12469,93367,3126,15,-1796,-1572,-3405,-539,496,-256,6234080,8496096,15,12,9,10
38049,0,-19845,-25571,-11978,-177,-11574,93367,3126,13,-1609,-1624,-3657,-648,581,-224,6234080,8496096,14,13,9,9
38071,0,-19784,-25464,-11370,1686,-10999,93346,3126,-87,-1489,-1773,-3975,-921,453,-224,6233568,8496096,15,13,9,9
38094,0,-19802,-25388,-10804,-177,-10458,93367,3126,-118,-1376,-1634,-3912,-703,523,-176,6234080,8496096,15,13,9,12
38118,0,-19843,-25310,-10372,-177,-10109,93367,3126,-166,-1303,-2055,-3456,-778,460,-192,6234080,8496096,14,13,9,9
38147,0,-20002,-25261,-9422,-177,-8840,93367,3126,-219,-1038,-2094,-3461,-467,277,-192,6234080,8496096,15,13,10,9
38172,0,-20056,-25151,-8784,-177,-8394,93367,3126,-215,-945,-2149,-2857,-396,205,-160,6234080,8496096,15,14,9,9
38195,0,-20005,-24981,-8339,1686,-8069,93346,3126,-243,-877,-2391,-2576,-331,269,-192,6233568,8496096,14,13,9,4
38219,0,-20029,-24839,-7776,-177,-7432,93367,3126,-252,-744,-2413,-2617,-263,374,-176,6234080,8496096,15,13,9,10
38249,0,-20191,-24715,-6714,-177,-6063,93367,3126,-326,-458,-2330,-2750,-317,358,-160,6234080,8496096,16,14,9,9
38271,0,-20100,-24486,-6069,1686,-5675,93346,3126,-330,-377,-2322,-2554,-288,169,-176,6233568,8496096,15,14,9,9
38295,0,-20108,-24292,-5838,-177,-5699,93367,3126,-403,-382,-2624,-2378,-290,207,-160,6234080,8496096,14,13,9,10
38317,0,-20013,-24045,-5033,1686,-4540,93346,3126,-386,-140,-2494,-2510,-265,255,-112,6233568,8496096,16,13,9,9
38346,0,-20185,-23872,-4214,-2129,-3711,93389,3126,-396,33,-2552,-2437,-478,45,-112,6234592,8496096,14,14,9,9
38369,0,-20146,-23623,-3832,89,-3601,93364,3124,-362,56,-2400,-1881,-340,97,-80,6234080,8495584,15,14,9,9
38394,0,-20155,-23375,-3403,-177,-3142,93367,3126,-370,152,-2399,-1351,-107,183,-112,6234080,8496096,15,14,9,9
38417,0,-20114,-23022,3271,-266,7393,93367,3126,-415,241,-2324,-1049,-80,113,-80,6234080,8496096,16,13,9,9
38446,0,-20134,-22512,5848,1951,7436,93342,3124,-379,250,-2231,-445,58,139,-64,6233568,8495584,15,14,9,10
38470,0,-20093,-22018,7059,-266,7805,93367,3126,-398,327,-2437,-468,114,158,-80,6234080,8496096,15,13,8,9
38493,0,-20014,-21509,7732,0,8144,93364,3124,-409,398,-2387,-990,23,81,-64,6234080,8495584,15,13,10,10
38517,0,-19948,-20986,7882,0,7972,93364,3124,-381,362,-2365,-1332,-39,78,-64,6234080,8495584,14,13,10,10
38547,0,-19989,-20404,8284,0,8528,93364,3124,-390,478,-2263,-1672,-36,75,-64,6234080,8495584,15,14,9,9
38571,0,-19894,-19860,8827,0,9160,93364,3124,-416,610,-2316,-1879,32,116,-32,6234080,8495584,15,13,9,10
38595,0,-19780,-19299,9482,355,9883,93360,3122,-395,761,-2360,-2012,-93,-45,-80,6234080,8495072,14,14,9,9
38617,0,-19620,-18751,9699,355,9830,93360,3122,-386,750,-2263,-2195,-99,18,-80,6234080,8495072,14,13,8,9
38640,0,-19473,-18193,9850,355,9940,93360,3122,-412,773,-2230,-2322,-284,52,-48,6234080,8495072,15,13,9,9
38669,0,-19419,-17569,10147,355,10328,93360,3122,-403,854,-2049,-1635,-145,150,-32,6234080,8495072,15,13,8,10
38692,0,-19305,-17028,10746,-1597,11113,93382,3122,-407,1018,-1969,-1315,154,211,-32,6234592,8495072,15,13,8,9
38716,0,-19198,-16467,11223,-1597,11515,93382,3122,-389,1102,-2076,-1205,49,96,-16,6234592,8495072,15,14,9,11
38739,0,-19066,-15913,11378,-1597,11472,93382,3122,-434,1093,-2058,-1375,61,14,-16,6234592,8495072,16,14,9,9
38769,0,-18974,-15240,11696,355,11889,93360,3122,-405,1180,-1844,-1511,96,117,-16,6234080,8495072,15,14,9,9
38792,0,-18711,-14612,12167,2218,12454,93339,3122,-401,1298,-1898,-1869,-60,132,-16,6233568,8495072,16,13,8,10
38815,0,-18495,-14013,12301,355,12382,93360,3122,-453,1283,-1976,-2332,-64,47,-32,6234080,8495072,15,14,9,11
38839,0,-18341,-13434,12460,-1597,12555,93382,3122,-436,1319,-1892,-2166,-139,174,-64,6234592,8495072,15,14,8,8
38869,0,-18189,-12735,12879,621,13134,93357,3121,-395,1440,-1666,-962,-66,240,-16,6234080,8494560,14,13,9,9
38892,0,-17989,-12153,13154,-1242,13321,93378,3121,-398,1479,-1709,-462,34,249,-16,6234592,8494560,15,14,9,9
38917,0,-17816,-11546,13424,-1597,13589,93382,3122,-392,1535,-1687,-799,21,231,16,6234592,8495072,15,13,9,9
38939,0,-17546,-10948,13542,355,13613,93360,3122,-377,1540,-1654,-1135,-20,229,32,6234080,8495072,15,13,9,10
38969,0,-17343,-10235,13751,621,13876,93357,3121,-334,1595,-1601,-1052,59,260,-16,6234080,8494560,14,13,9,9
38992,0,-17111,-9644,14197,-1242,14470,93378,3121,-342,1719,-1503,-1079,83,205,16,6234592,8494560,14,14,9,9
39016,0,-16882,-9037,14355,-1242,14451,93378,3121,-361,1715,-1577,-1192,55,95,0,6234592,8494560,15,12,9,10
39041,0,-16602,-8391,14140,621,14005,93357,3121,-357,1622,-1484,-1119,21,28,32,6234080,8494560,15,15,9,9
39070,0,-16395,-7726,14047,-1242,13986,93378,3121,-354,1618,-1379,-1015,29,152,-16,6234592,8494560,15,12,9,11
39092,0,-16074,-7133,14204,621,14298,93357,3121,-356,1683,-1350,-1136,-8,211,-16,6234080,8494560,16,14,10,9
39115,0,-15800,-6551,14517,-887,14709,93374,3119,-301,1769,-1344,-942,-4,245,16,6234592,8494048,15,13,9,9
39139,0,-15527,-5952,14785,-887,14949,93374,3119,-290,1819,-1240,-936,31,256,32,6234592,8494048,14,13,9,9
39163,0,-15240,-5347,15095,-621,15284,93371,3117,-222,1889,-1079,-1338,98,248,48,6234592,8493536,15,14,9,8
39193,0,-14981,-4658,15009,-887,14954,93374,3119,-230,1820,-1127,-1141,-69,236,16,6234592,8494048,15,14,9,9
39218,0,-14689,-4047,15142,-887,15222,93374,3119,-277,1876,-1062,-1135,-62,190,32,6234592,8494048,15,13,9,8
39243,0,-14383,-3435,15181,-621,15203,93371,3117,-251,1872,-993,-1463,-126,246,-16,6234592,8493536,15,13,9,9
39267,0,-14075,-2842,15557,-887,15787,93374,3119,-235,1994,-998,-1361,-15,187,32,6234592,8494048,15,14,10,9
39297,0,-13775,-2155,15626,-887,15667,93374,3119,-196,1969,-791,-1287,62,150,48,6234592,8494048,15,14,10,9
39321,0,-13400,-1536,15647,976,15657,93353,3119,-212,1967,-812,-1130,-97,51,-16,6234080,8494048,15,13,9,9
39345,0,-13067,-953,15450,-621,15327,93371,3117,-226,1898,-812,-690,-84,161,32,6234592,8493536,16,13,10,8
39369,0,-12731,-371,15822,-621,16050,93371,3117,-224,2049,-781,-660,-125,165,48,6234592,8493536,13,13,8,9
39399,0,-12335,332,15746,1242,15696,93350,3117,-205,1975,-661,-999,-143,108,64,6234080,8493536,15,14,9,10
39422,0,-11989,889,15837,-621,15892,93371,3117,-192,2016,-582,-1369,-62,118,64,6234592,8493536,16,13,9,9
39446,0,-11639,1455,15813,-621,15796,93371,3117,-211,1996,-628,-1420,-60,92,96,6234592,8493536,15,13,8,9
39470,0,-11287,2018,15978,-621,16079,93371,3117,-201,2055,-570,-779,-85,90,16,6234592,8493536,16,13,9,9
39500,0,-10916,2670,15825,-621,15729,93371,3117,-164,1982,-467,-158,-21,-68,64,6234592,8493536,15,14,9,9
39524,0,-10555,3218,15778,-621,15748,93371,3117,-212,1986,-452,-487,-79,107,64,6234592,8493536,16,13,9,9
39549,0,-10177,3784,15947,-266,16050,93367,3115,-155,2049,-445,-489,-91,59,16,6234592,8493024,14,13,9,9
39573,0,-9801,4328,15908,-266,15882,93367,3115,-184,2014,-480,-459,-79,27,48,6234592,8493024,15,13,9,9
39603,0,-9395,4957,15659,-266,15504,93367,3115,-192,1935,-411,-530,-91,91,32,6234592,8493024,14,13,9,10
39628,0,-9063,5463,15508,-2218,15413,93389,3115,-198,1916,-404,-266,-71,147,32,6235104,8493024,15,14,9,10
39652,0,-8679,5979,15515,-266,15519,93367,3115,-184,1938,-397,11,-39,193,32,6234592,8493024,15,14,9,10
39676,0,-8350,6461,15838,-2218,16036,93389,3115,-148,2046,-432,-292,-71,263,48,6235104,8493024,15,13,9,9
39700,0,-7964,6977,16162,-266,16361,93367,3115,-151,2114,-407,-298,-151,203,16,6234592,8493024,16,13,9,9
39731,0,-7517,7605,16090,0,16045,93364,3114,-105,2048,-321,-18,-46,61,32,6234592,8492512,15,13,9,9
39755,0,-7127,8108,16054,-266,16031,93367,3115,-104,2045,-361,-64,-10,87,48,6234592,8493024,14,14,9,9
39780,0,-6720,8625,16117,0,16155,93364,3114,-83,2071,-298,22,29,79,80,6234592,8492512,15,13,9,10
39804,0,-6329,9116,16099,-266,16088,93367,3115,-93,2057,-371,-17,52,39,48,6234592,8493024,14,14,9,9
39835,0,-5918,9685,16143,-1863,16170,93385,3114,-119,2074,-371,-81,11,27,64,6235104,8492512,14,14,9,10
39859,0,-5525,10158,15843,-266,15657,93367,3115,-161,1967,-373,-100,20,37,-16,6234592,8493024,15,13,9,9
39881,0,-5145,10597,15986,0,16074,93364,3114,-118,2054,-401,75,28,107,80,6234592,8492512,14,13,9,9
39903,0,-4821,11001,16135,-1863,16227,93385,3114,-82,2086,-373,104,64,-42,64,6235104,8492512,15,14,9,9
39933,0,-4301,11587,15896,1863,15748,93343,3114,-137,1986,-391,-262,-26,131,32,6234080,8492512,14,13,10,9
39955,0,-3926,12006,16098,0,16222,93364,3114,-104,2085,-388,-128,-37,58,64,6234592,8492512,15,14,9,9
39978,0,-3549,12429,15855,-266,15705,93367,3115,-98,1977,-362,119,20,-15,32,6234592,8493024,15,13,9,9
40002,0,-3154,12863,15833,0,15820,93364,3114,-91,2001,-378,-88,-10,109,16,6234592,8492512,14,13,9,9
40031,0,-2702,13365,15947,-266,16017,93367,3115,-64,2042,-338,-112,-24,11,32,6234592,8493024,14,13,9,9
40054,0,-2322,13772,15963,0,15973,93364,3114,-72,2033,-353,203,37,15,0,6234592,8492512,15,13,9,10
40075,0,-1971,14139,15810,0,15715,93364,3114,-75,1979,-402,151,82,29,48,6234592,8492512,16,14,9,10
40097,0,-1609,14516,15955,0,16045,93364,3114,-110,2048,-471,-243,-23,118,-16,6234592,8492512,15,14,9,9
40125,0,-1109,15014,16020,1863,16060,93343,3114,-79,2051,-401,-171,-39,36,48,6234080,8492512,15,15,8,9
41146,1,19098,26858,10511,1242,8738,93350,3107,864,522,-2519,3886,609,818,-48,6234592,8490464,15,14,10,9
42156,1,29040,19493,6178,621,8609,93357,3100,677,495,-2308,-74,-3,-25,-64,6235104,8488416,15,13,9,10
