MPU Pad,H3LIS Pad,Pressure Pad,Temperature Pad,C1,C2,C3,C4,C5,C6,Line Count,,,,,,,,
917,-48,6233832,8497154,0,42640,40615,26575,24961,31880,28219,393,,,,,,,,,,
Time (ms),Status,Altitude (mm),Velocity (mm/s),Acceleration (mm/s2),Altitude Barometric (mm),Acceleration Axial (mm/s2),Pressure (Pa),Temperature (100*degC),Acceleration MPU_X (2byte 16g),Acceleration MPU_Y (2byte 16g),Acceleration MPU_Z (2byte 16g),Rotation MPU_X (2byte 2000deg/s),Rotation MPU_Y (2byte 2000deg/s),Rotation MPU_Z (2byte 2000deg/s),Acceleration H3LIS Y (2byte 200g),MS5607 Pressure (4byte),MS5607 Temperature (4byte),Voltage (10bit),Continuity Apogee (10bit),Continuity Main (10bit),Continuity Third (10bit)
30362,0,-2511,-9800,-12206,-355,-7685,93371,3148,-157,1932,298,-380,94,-82,48,6233056,8502752,15,14,9,9
30389,0,-2709,-10039,-8997,-355,-7014,93371,3148,-189,1792,211,-397,83,93,-16,6233056,8502752,15,13,9,10
30411,0,-2911,-10211,-7972,-2218,-7340,93392,3148,-220,1860,207,-703,-57,194,32,6233568,8502752,15,13,9,4
30434,0,-3069,-10347,-7922,-355,-7891,93371,3148,-206,1975,251,-449,-63,84,64,6233056,8502752,15,14,9,10
30456,0,-3215,-10474,-7982,-355,-8020,93371,3148,-194,2002,380,-178,16,-61,32,6233056,8502752,15,13,8,9
30485,0,-3431,-10648,-7620,-355,-7398,93371,3148,-195,1872,326,40,81,-108,48,6233056,8502752,15,13,10,10
30507,0,-3626,-10789,-7426,-2218,-7307,93392,3148,-199,1853,190,134,84,-50,16,6233568,8502752,15,14,9,9
30529,0,-3766,-10894,-7408,-355,-7398,93371,3148,-205,1872,247,-23,-47,5,32,6233056,8502752,16,14,9,10
30551,0,-3904,-11002,-7711,-355,-7900,93371,3148,-162,1977,294,-71,-72,-32,32,6233056,8502752,15,15,9,9
30580,0,-4162,-11187,-7671,-1952,-7647,93389,3146,-178,1924,375,18,-6,-119,16,6233568,8502240,14,14,9,9
30604,0,-4306,-11294,-7374,0,-7192,93367,3146,-172,1829,317,149,3,-117,32,6233056,8502240,14,13,10,10
30624,0,-4461,-11394,-6953,-1952,-6694,93389,3146,-146,1725,365,73,60,5,32,6233568,8502240,15,14,9,9
30648,0,-4603,-11489,-7327,0,-7560,93367,3146,-192,1906,259,-97,15,91,16,6233056,8502240,15,13,10,9
30677,0,-4799,-11625,-7577,0,-7733,93367,3146,-201,1942,274,-121,4,-39,-16,6233056,8502240,15,14,9,10
30700,0,-4925,-11714,-7391,0,-7278,93367,3146,-180,1847,301,-36,28,32,48,6233056,8502240,15,14,9,9
30723,0,-5050,-11800,-7495,0,-7560,93367,3146,-214,1906,237,-126,8,97,32,6233056,8502240,15,13,9,9
30747,0,-5185,-11896,-7683,0,-7800,93367,3146,-175,1956,260,-240,-48,34,48,6233056,8502240,16,14,9,10
30778,0,-5445,-12071,-7769,-1597,-7824,93385,3145,-167,1961,324,-55,22,-27,32,6233568,8501728,15,13,9,9
30801,0,-5555,-12146,-7387,266,-7153,93364,3145,-177,1821,295,80,56,-43,64,6233056,8501728,15,13,10,10
30825,0,-5683,-12228,-7416,0,-7436,93367,3146,-133,1880,338,32,57,12,32,6233056,8502240,15,14,9,9
30849,0,-5855,-12332,-7300,-1597,-7230,93385,3145,-185,1837,290,44,44,35,-16,6233568,8501728,14,14,8,9
30878,0,-6032,-12442,-7578,266,-7752,93364,3145,-178,1946,273,-26,26,72,32,6233056,8501728,15,14,9,10
30902,0,-6198,-12545,-7498,-1597,-7450,93385,3145,-173,1883,230,129,-15,6,32,6233568,8501728,14,14,10,9
30927,0,-6375,-12652,-7489,-1597,-7484,93385,3145,-200,1890,233,204,-25,67,48,6233568,8501728,15,13,9,10
30949,0,-6459,-12704,-7532,266,-7560,93364,3145,-202,1906,211,79,-10,112,0,6233056,8501728,14,13,9,9
30972,0,-6555,-12768,-7880,266,-8097,93364,3145,-159,2018,241,66,-15,64,96,6233056,8501728,16,13,9,8
31001,0,-6768,-12901,-7755,-1242,-7680,93381,3143,-160,1931,272,-88,-1,49,96,6233568,8501216,15,15,10,9
31023,0,-6837,-12949,-7921,621,-8025,93360,3143,-167,2003,269,5,16,22,16,6233056,8501216,15,13,9,9
31046,0,-6980,-13036,-7579,-1597,-7369,93385,3145,-144,1866,214,-24,5,-2,48,6233568,8501728,14,13,9,9
31069,0,-7059,-13079,-7392,621,-7278,93360,3143,-139,1847,228,69,17,109,16,6233056,8501216,14,14,9,9
31099,0,-7226,-13174,-7687,621,-7872,93360,3143,-128,1971,234,-6,48,15,32,6233056,8501216,16,14,9,9
31121,0,-7288,-13210,-7700,621,-7709,93360,3143,-127,1937,179,35,31,1,32,6233056,8501216,15,14,9,9
31144,0,-7363,-13253,-7692,621,-7690,93360,3143,-158,1933,205,6,13,-3,32,6233056,8501216,15,14,9,9
31166,0,-7476,-13317,-7598,-1242,-7541,93381,3143,-156,1902,226,99,21,4,48,6233568,8501216,14,13,9,9
31197,0,-7704,-13445,-7644,-1242,-7675,93381,3143,-134,1930,194,141,49,-2,32,6233568,8501216,15,13,9,10
31221,0,-7785,-13488,-7739,621,-7800,93360,3143,-167,1956,151,133,31,39,48,6233056,8501216,15,13,9,9
31243,0,-7891,-13549,-7885,-1242,-7977,93381,3143,-133,1993,140,24,-10,-35,0,6233568,8501216,15,13,10,9
31266,0,-7956,-13585,-7698,621,-7584,93360,3143,-191,1911,117,16,-9,-19,32,6233056,8501216,15,13,9,9
31296,0,-8158,-13692,-7550,-976,-7460,93378,3141,-142,1885,202,-46,3,15,32,6233568,8500704,15,14,9,9
31320,0,-8224,-13720,-7498,887,-7469,93357,3141,-149,1887,179,-33,-5,106,16,6233056,8500704,14,13,9,9
31343,0,-8328,-13773,-7811,-976,-8006,93378,3141,-102,1999,192,-18,40,89,32,6233568,8500704,15,13,9,10
31367,0,-8392,-13808,-8019,887,-8149,93357,3141,-128,2029,122,-19,14,7,48,6233056,8500704,15,12,9,9
31398,0,-8601,-13929,-8071,-976,-8106,93378,3141,-101,2020,165,-70,26,-28,16,6233568,8500704,15,13,9,9
31424,0,-8792,-14037,-7974,-2839,-7915,93399,3141,-103,1980,188,-46,30,-38,64,6234080,8500704,15,13,9,9
31448,0,-8899,-14090,-7717,-976,-7560,93378,3141,-116,1906,190,21,31,-20,64,6233568,8500704,15,14,10,10
31472,0,-9006,-14139,-7672,-976,-7647,93378,3141,-91,1924,201,30,20,-25,16,6233568,8500704,15,13,9,9
31496,0,-9110,-14184,-7487,-976,-7374,93378,3141,-144,1867,172,115,30,15,16,6233568,8500704,15,14,9,9
31527,0,-9309,-14278,-7709,-976,-7848,93378,3141,-127,1966,131,102,62,5,64,6233568,8500704,15,13,9,9
31550,0,-9340,-14284,-7828,887,-7905,93357,3141,-118,1978,119,116,27,42,32,6233056,8500704,15,13,9,9
31573,0,-9423,-14323,-7904,-976,-7953,93378,3141,-134,1988,83,127,17,-33,-16,6233568,8500704,15,13,9,10
31598,0,-9534,-14373,-7705,-976,-7584,93378,3141,-117,1911,97,146,47,-27,32,6233568,8500704,15,14,10,9
31628,0,-9765,-14485,-7612,-2839,-7556,93399,3141,-154,1905,89,76,12,54,-16,6234080,8500704,15,14,10,7
31653,0,-9913,-14553,-7759,-2573,-7852,93396,3140,-173,1967,72,50,-14,38,80,6234080,8500192,15,13,10,9
31676,0,-9976,-14575,-7881,-621,-7958,93374,3140,-124,1989,70,57,7,64,48,6233568,8500192,14,13,9,10
31701,0,-10066,-14614,-8015,-621,-8101,93374,3140,-124,2019,59,81,15,-23,32,6233568,8500192,15,13,9,9
31731,0,-10171,-14656,-7845,1242,-7742,93353,3140,-124,1944,98,-68,-11,29,32,6233056,8500192,15,14,10,7
31756,0,-10301,-14715,-7854,-2218,-7862,93392,3138,-100,1969,96,62,22,38,48,6234080,8499680,15,14,9,8
31781,0,-10384,-14750,-8180,-621,-8384,93374,3140,-117,2078,58,-13,49,-58,80,6233568,8500192,15,14,10,9
31805,0,-10451,-14776,-7991,-621,-7876,93374,3140,-114,1972,61,-70,-36,-45,-16,6233568,8500192,15,14,10,9
31837,0,-10631,-14856,-7738,-621,-7584,93374,3140,-113,1911,104,20,64,-4,16,6233568,8500192,15,14,9,10
31862,0,-10698,-14875,-7940,-355,-8068,93371,3138,-120,2012,23,31,43,46,16,6233568,8499680,14,13,9,9
31885,0,-10735,-14880,-7938,-355,-7939,93371,3138,-112,1985,38,-120,-12,-19,64,6233568,8499680,14,13,10,9
31910,0,-10800,-14901,-8025,-355,-8082,93371,3138,-105,2015,72,-91,21,38,32,6233568,8499680,14,13,8,9
31940,0,-10936,-14962,-8130,-355,-8197,93371,3138,-102,2039,53,-70,31,-57,48,6233568,8499680,15,12,9,9
31965,0,-11050,-15008,-7785,-2218,-7575,93392,3138,-128,1909,51,-141,-17,-60,80,6234080,8499680,15,14,9,9
31990,0,-11108,-15018,-7825,-355,-7852,93371,3138,-111,1967,95,-94,17,50,64,6233568,8499680,16,13,9,9
32014,0,-11150,-15023,-7982,-355,-8082,93371,3138,-127,2015,33,-42,28,-69,16,6233568,8499680,15,15,8,9
32039,0,-11206,-15036,-7913,-355,-7872,93371,3138,-126,1971,69,-54,7,-74,32,6233568,8499680,15,13,8,10
32070,0,-11348,-15090,-7823,-355,-7771,93371,3138,-96,1950,36,-8,20,-29,32,6233568,8499680,15,14,9,9
32093,0,-11423,-15110,-7722,-2218,-7661,93392,3138,-89,1927,90,-74,8,-6,32,6234080,8499680,15,13,9,9
32116,0,-11443,-15098,-7792,-355,-7838,93371,3138,-116,1964,90,-29,45,27,16,6233568,8499680,15,14,9,9
32140,0,-11531,-15125,-7748,-2218,-7723,93392,3138,-103,1940,29,-12,23,8,64,6234080,8499680,14,13,8,9
32171,0,-11666,-15174,-8006,-355,-8168,93371,3138,-96,2033,30,-106,17,1,32,6233568,8499680,15,13,8,9
32195,0,-11685,-15166,-8063,0,-8101,93367,3136,-100,2019,59,-104,-20,8,80,6233568,8499168,15,14,8,9
32219,0,-11713,-15164,-8038,-355,-8025,93371,3138,-117,2003,100,-83,26,-41,0,6233568,8499680,15,14,9,10
32244,0,-11756,-15168,-7990,-355,-7963,93371,3138,-64,1990,87,-29,34,-54,80,6233568,8499680,14,14,8,9
32274,0,-11859,-15199,-7782,0,-7656,93367,3136,-82,1926,112,-104,36,-55,48,6233568,8499168,15,13,8,10
32297,0,-11858,-15172,-7652,0,-7575,93367,3136,-150,1909,49,-40,9,22,48,6233568,8499168,16,14,9,10
32321,0,-11881,-15162,-7940,-355,-8121,93371,3138,-99,2023,55,7,66,1,16,6233568,8499680,15,13,10,9
32346,0,-11908,-15154,-7825,0,-7757,93367,3136,-104,1947,16,-41,30,-30,-16,6233568,8499168,15,14,8,8
32376,0,-12017,-15189,-7938,-355,-8010,93371,3138,-114,2000,30,-162,9,15,80,6233568,8499680,15,13,9,9
32400,0,-12025,-15170,-7836,0,-7776,93367,3136,-101,1951,48,-99,22,-8,64,6233568,8499168,15,14,9,9
32422,0,-12004,-15138,-7918,0,-7972,93367,3136,-88,1992,45,-113,36,2,48,6233568,8499168,15,14,10,10
32446,0,-12069,-15155,-7977,-1952,-8015,93389,3136,-82,2001,72,-75,35,-22,48,6234080,8499168,15,13,10,9
32477,0,-12235,-15222,-7839,-1952,-7757,93389,3136,-95,1947,82,-56,36,-45,48,6234080,8499168,15,13,9,8
32501,0,-12238,-15201,-7984,0,-8077,93367,3136,-82,2014,49,16,47,-40,16,6233568,8499168,15,14,8,10
32523,0,-12267,-15199,-7946,-1952,-7924,93389,3136,-105,1982,14,183,57,-115,80,6234080,8499168,16,13,9,9
32546,0,-12256,-15170,-7783,0,-7685,93367,3136,-95,1932,65,169,28,-49,48,6233568,8499168,15,13,9,9
32574,0,-12317,-15174,-7658,0,-7584,93367,3136,-114,1911,7,-58,-20,3,16,6233568,8499168,15,14,9,9
32597,0,-12303,-15142,-7862,0,-7991,93367,3136,-109,1996,-10,-85,25,27,32,6233568,8499168,15,14,10,10
32621,0,-12305,-15120,-7852,0,-7848,93367,3136,-122,1966,5,-102,20,-22,32,6233568,8499168,14,13,9,9
32646,0,-12313,-15101,-7838,266,-7833,93364,3134,-118,1963,34,-110,34,40,16,6233568,8498656,15,13,10,9
32670,0,-12314,-15081,-7964,0,-8044,93367,3136,-112,2007,32,-46,27,-36,32,6233568,8499168,15,13,9,9
32699,0,-12387,-15100,-8015,0,-8049,93367,3136,-94,2008,19,64,57,-5,64,6233568,8499168,15,13,9,9
32722,0,-12426,-15108,-8188,-1952,-8298,93389,3136,-113,2060,25,39,36,-53,16,6234080,8499168,14,14,9,9
32747,0,-12438,-15097,-7982,0,-7857,93367,3136,-105,1968,49,-52,54,-50,48,6233568,8499168,15,13,10,10
32772,0,-12396,-15050,-7814,1863,-7714,93346,3136,-123,1938,18,-59,47,-11,16,6233056,8499168,14,14,9,9
32801,0,-12465,-15063,-7842,0,-7862,93367,3136,-125,1969,2,-69,34,-37,16,6233568,8499168,14,14,10,9
32826,0,-12519,-15071,-7832,-1597,-7828,93385,3134,-158,1962,-43,-34,37,-38,64,6234080,8498656,15,14,9,9
32850,0,-12558,-15071,-7810,-1597,-7800,93385,3134,-142,1956,7,-48,-2,-14,48,6234080,8498656,14,13,9,10
32875,0,-12611,-15078,-7817,-1597,-7824,93385,3134,-155,1961,39,-65,10,-16,48,6234080,8498656,14,13,9,9
32906,0,-12649,-15070,-7860,1863,-7891,93346,3136,-125,1975,48,-92,28,-11,16,6233056,8499168,15,13,10,7
32930,0,-12572,-15003,-7770,2217,-7718,93342,3134,-68,1939,41,-70,33,10,48,6233056,8498656,15,13,9,11
32955,0,-12621,-15010,-7914,-1597,-8006,93385,3134,-102,1999,10,-100,20,21,32,6234080,8498656,15,13,9,9
32979,0,-12647,-15007,-8055,-1331,-8144,93382,3133,-137,2028,-16,-42,36,-44,48,6234080,8498144,15,14,8,9
33010,0,-12717,-15026,-8013,621,-7991,93360,3133,-113,1996,-14,-68,46,-75,48,6233568,8498144,14,13,9,9
33035,0,-12707,-14997,-7737,266,-7570,93364,3134,-133,1908,16,-143,13,-17,0,6233568,8498656,15,14,9,9
33059,0,-12729,-14987,-7763,-1331,-7781,93382,3133,-121,1952,25,-92,19,-19,48,6234080,8498144,15,14,9,10
33083,0,-12640,-14914,-7855,2484,-7915,93339,3133,-135,1980,-2,-87,16,-14,32,6233056,8498144,14,13,9,9
33112,0,-12677,-14911,-7824,621,-7809,93360,3133,-101,1958,7,-103,29,3,64,6233568,8498144,15,15,8,9
33135,0,-12684,-14897,-7958,-1331,-8044,93382,3133,-107,2007,2,-78,19,2,64,6234080,8498144,15,13,9,10
33160,0,-12672,-14875,-8086,266,-8168,93364,3134,-133,2033,7,-103,10,0,32,6233568,8498656,15,13,10,9
33184,0,-12693,-14871,-7902,-1331,-7790,93382,3133,-147,1954,3,-92,5,-66,64,6234080,8498144,15,13,9,9
33207,0,-12643,-14822,-7718,621,-7608,93360,3133,-115,1916,2,-80,37,-14,32,6233568,8498144,14,13,10,8
33238,0,-12765,-14866,-7868,-1331,-7963,93382,3133,-108,1990,28,-75,33,0,32,6234080,8498144,14,14,9,8
33263,0,-12740,-14832,-7859,621,-7857,93360,3133,-106,1968,33,-97,33,-28,64,6233568,8498144,14,14,9,10
33287,0,-12700,-14792,-7886,621,-7905,93360,3133,-137,1978,18,-78,34,11,64,6233568,8498144,16,12,9,9
33311,0,-12662,-14754,-7970,621,-8025,93360,3133,-135,2003,-5,-65,30,14,16,6233568,8498144,15,13,9,9
33341,0,-12709,-14762,-7946,621,-7934,93360,3133,-92,1984,26,-75,21,-23,32,6233568,8498144,14,14,9,9
33366,0,-12729,-14758,-7966,-976,-7982,93378,3131,-123,1994,38,-71,18,-30,32,6234080,8497632,15,13,9,10
33391,0,-12694,-14721,-7926,887,-7905,93357,3131,-64,1978,39,-47,35,-22,16,6233568,8497632,15,13,9,9
33415,0,-12700,-14707,-7784,-976,-7699,93378,3131,-102,1935,4,-91,34,13,32,6234080,8497632,15,14,10,9
33445,0,-12736,-14707,-7898,887,-7972,93357,3131,-111,1992,18,-90,21,-26,48,6233568,8497632,16,14,9,12
33470,0,-12699,-14669,-7927,887,-7948,93357,3131,-131,1987,-14,-42,34,9,96,6233568,8497632,15,14,10,9
33495,0,-12716,-14664,-7953,-976,-7972,93378,3131,-112,1992,11,-83,20,-35,48,6234080,8497632,15,13,9,9
33520,0,-12733,-14657,-7759,-976,-7642,93378,3131,-83,1923,67,-107,11,20,32,6234080,8497632,15,12,8,10
33549,0,-12805,-14680,-7951,-976,-8073,93378,3131,-111,2013,56,-105,41,15,32,6234080,8497632,14,14,9,9
33573,0,-12751,-14634,-7974,887,-7991,93357,3131,-89,1996,59,-102,21,-38,48,6233568,8497632,14,15,8,10
33598,0,-12765,-14626,-7773,-976,-7651,93378,3131,-136,1925,50,-125,38,-7,32,6234080,8497632,14,13,10,11
33621,0,-12687,-14566,-7888,1242,-7963,93353,3129,-136,1990,42,-75,43,-4,16,6233568,8497120,15,14,9,9
33650,0,-12749,-14582,-7764,-621,-7690,93374,3129,-144,1933,24,-82,7,-20,48,6234080,8497120,14,13,9,8
33674,0,-12748,-14567,-7888,-976,-7967,93378,3131,-132,1991,26,-73,8,3,16,6234080,8497632,15,14,8,9
33696,0,-12656,-14500,-7861,1242,-7848,93353,3129,-131,1966,57,-131,-17,3,-16,6233568,8497120,14,13,9,9
33718,0,-12620,-14468,-7910,-621,-7943,93374,3129,-91,1986,83,-72,12,4,16,6234080,8497120,15,13,9,9
33740,0,-12586,-14437,-7891,-621,-7881,93374,3129,-84,1973,58,-53,37,1,48,6234080,8497120,15,13,9,9
33769,0,-12650,-14460,-7948,-621,-7986,93374,3129,-81,1995,9,-87,8,6,32,6234080,8497120,15,14,9,10
33792,0,-12629,-14436,-7870,-621,-7824,93374,3129,-89,1961,92,-38,41,-35,80,6234080,8497120,15,13,10,9
33815,0,-12608,-14414,-7991,-621,-8068,93374,3129,-101,2012,29,95,61,-34,64,6234080,8497120,15,13,10,9
33839,0,-12658,-14432,-7930,-2573,-7895,93396,3129,-94,1976,59,283,61,-84,64,6234592,8497120,15,14,9,10
33869,0,-12735,-14463,-7960,-621,-7982,93374,3129,-121,1994,37,1373,162,-125,32,6234080,8497120,15,13,9,9
33892,0,-12712,-14442,-8152,-621,-8274,93374,3129,-138,2055,-128,1628,195,-83,32,6234080,8497120,14,13,9,9
33916,0,-12650,-14408,-8649,1242,-8959,93353,3129,-295,2198,-315,2132,-99,-208,112,6233568,8497120,15,13,9,10
33941,0,-12649,-14413,-8619,-355,-8604,93371,3128,-62,2124,-364,3270,45,-131,48,6234080,8496608,15,13,9,9
33971,0,-12718,-14450,-8078,-355,-7747,93371,3128,-105,1945,-545,3698,206,-417,32,6234080,8496608,15,13,9,13
33996,0,-12714,-14432,-7590,-355,-7292,93371,3128,-160,1850,-782,2988,12,-206,16,6234080,8496608,14,13,9,10
34020,0,-12704,-14412,-7887,-621,-8073,93374,3129,-185,2013,-846,2477,-38,-229,48,6234080,8497120,15,14,9,9
34045,0,-12700,-14393,-7630,-355,-7474,93371,3128,-236,1888,-997,2887,101,-250,32,6234080,8496608,15,14,9,7
34075,0,-12711,-14374,-7452,1508,-7345,93350,3128,-176,1861,-1384,4385,31,-71,16,6233568,8496608,15,13,8,8
34098,0,-12667,-14322,-7058,0,-6818,93367,3126,-166,1751,-1705,6394,-197,-127,16,6234080,8496096,15,13,9,8
34121,0,-12634,-14268,-6701,-355,-6483,93371,3128,-189,1681,-1955,8583,-446,-390,64,6234080,8496608,15,13,10,10
34146,0,-12574,-14174,-5333,1508,-4491,93350,3128,-184,1265,-2242,10248,-464,-1006,-16,6233568,8496608,15,14,8,9
34177,0,-12648,-14067,-1949,-355,139,93371,3128,-226,298,-2168,11691,118,-1047,-96,6234080,8496608,15,12,9,7
34203,0,-12645,-13846,1630,-355,3841,93371,3128,-258,-475,-1999,12022,900,-704,-144,6234080,8496608,13,13,10,5
34226,0,-12587,-13545,4747,0,6671,93367,3126,-211,-1066,-2031,11334,1543,3,-224,6234080,8496096,14,12,9,10
34250,0,-12547,-13191,6825,-355,8107,93371,3128,-146,-1366,-1957,10217,1798,444,-240,6234080,8496608,14,13,10,9
34274,0,-12437,-12756,8571,1863,9649,93346,3126,-180,-1688,-1774,8519,1423,338,-240,6233568,8496096,14,14,9,9
34304,0,-12400,-12240,9653,1508,10319,93350,3128,-217,-1828,-1306,5200,691,528,-256,6233568,8496608,15,14,9,10
34328,0,-12269,-11763,9743,1863,9797,93346,3126,-150,-1719,-1240,2133,16,420,-272,6233568,8496096,15,13,10,9
34353,0,-12143,-11273,10136,1863,10377,93346,3126,-159,-1840,-1003,310,-466,24,-240,6233568,8496096,15,14,8,9
34377,0,-12005,-10760,12482,1597,13930,93346,3126,-163,-1992,-815,-43,-510,-44,-256,6233568,8496096,15,14,9,9
34408,0,-11992,-10163,13271,-621,13757,93371,3128,-198,-1956,-864,520,-357,-89,-240,6234080,8496608,15,13,9,10
34432,0,-11885,-9634,13854,-266,14212,93367,3126,-181,-2051,-721,840,-198,-58,-512,6234080,8496096,15,15,9,9
34457,0,-11788,-9096,13840,-621,13829,93371,3128,-242,-1971,-726,624,-137,3,-288,6234080,8496608,14,13,9,8
34481,0,-11662,-8570,13630,-266,13499,93367,3126,-225,-1902,-781,137,-234,-116,-256,6234080,8496096,16,14,9,9
34513,0,-11589,-7935,13772,-266,13858,93367,3126,-198,-1977,-709,-256,-226,-242,-256,6234080,8496096,14,14,10,12
34538,0,-11393,-7362,13957,1597,14069,93346,3126,-132,-2021,-830,-134,-252,-240,-272,6233568,8496096,15,13,9,9
34562,0,-11237,-6831,14347,-266,14586,93367,3126,-100,-2129,-786,108,-130,-143,-288,6234080,8496096,15,13,8,10
34586,0,-11030,-6278,14122,1242,13982,93350,3128,-134,-2003,-675,175,30,-35,-272,6233568,8496608,15,12,9,9
34617,0,-10843,-5622,14245,1597,14318,93346,3126,-112,-2073,-860,-36,-75,-145,-240,6233568,8496096,15,14,9,10
34642,0,-10677,-5091,14267,-621,14279,93371,3128,-91,-2065,-786,-330,-314,-137,-288,6234080,8496608,15,13,9,10
34668,0,-10496,-4541,14296,-266,14313,93367,3126,-115,-2072,-707,-582,-212,-63,-272,6234080,8496096,15,14,10,9
34693,0,-10314,-4017,14204,-621,14145,93371,3128,-124,-2037,-717,-353,-81,44,-272,6234080,8496608,15,14,9,9
34722,0,-10127,-3434,14145,-266,14107,93367,3126,-111,-2029,-803,121,-9,-6,-224,6234080,8496096,15,14,9,9
34745,0,-9969,-2977,13962,-2218,13848,93389,3126,-134,-1975,-801,140,42,12,-272,6234592,8496096,15,13,9,10
34768,0,-9749,-2494,13759,-266,13633,93367,3126,-171,-1930,-809,-92,-99,-84,-256,6234080,8496096,14,13,9,9
34790,0,-9581,-2060,14078,-2218,14275,93389,3126,-160,-2064,-813,-352,-180,-118,-272,6234592,8496096,15,14,9,9
34820,0,-9309,-1448,14109,1597,14126,93346,3126,-117,-2033,-797,-213,-151,36,-256,6233568,8496096,14,14,9,10
34842,0,-9074,-990,13809,-266,13623,93367,3126,-139,-1928,-796,22,-116,-12,-192,6234080,8496096,15,15,9,9
34864,0,-8837,-538,13863,-266,13896,93367,3126,-134,-1985,-782,137,-39,-75,-288,6234080,8496096,15,13,9,9
34887,0,-8544,-43,13962,1597,14021,93346,3126,-134,-2011,-745,-30,59,-105,-224,6233568,8496096,14,14,9,9
34909,0,-8304,401,14034,-266,14078,93367,3126,-120,-2023,-825,-202,-45,-67,-272,6234080,8496096,14,13,8,9
34939,0,-8054,954,13917,-266,13844,93367,3126,-125,-1974,-783,-228,-45,12,-336,6234080,8496096,15,14,9,10
34962,0,-7861,1371,13929,-2218,13935,93389,3126,-131,-1993,-766,-124,3,-39,-272,6234592,8496096,15,14,9,9
34986,0,-7617,1826,13986,-621,14021,93371,3128,-129,-2011,-804,8,-3,-73,-224,6234080,8496608,14,14,9,9
35007,0,-7313,2273,14040,1597,14073,93346,3126,-124,-2022,-850,101,-37,-54,-288,6233568,8496096,14,13,9,9
35036,0,-7096,2763,14049,-2218,14054,93389,3126,-121,-2018,-771,84,23,-37,-288,6234592,8496096,15,14,9,9
35060,0,-6778,3244,14056,1597,14059,93346,3126,-137,-2019,-851,-54,-1,-93,-256,6233568,8496096,14,13,9,9
35083,0,-6462,3704,14020,1597,13997,93346,3126,-113,-2006,-841,-184,-71,-109,-336,6233568,8496096,15,13,9,10
35106,0,-6254,4098,14222,-2218,14346,93389,3126,-107,-2079,-792,-115,-119,-78,-288,6234592,8496096,14,14,10,9
35134,0,-5976,4587,14189,-621,14169,93371,3128,-121,-2042,-727,91,-45,22,-288,6234080,8496608,15,13,9,9
35157,0,-5762,4971,14008,-2218,13896,93389,3126,-104,-1985,-758,263,25,12,-256,6234592,8496096,15,14,9,9
35181,0,-5432,5426,13937,1597,13892,93346,3126,-130,-1984,-799,205,37,-60,-272,6233568,8496096,15,14,8,9
35203,0,-5166,5814,13870,-266,13829,93367,3126,-110,-1971,-809,3,26,-91,-288,6234080,8496096,15,13,9,9
35234,0,-4790,6356,14035,1597,14136,93346,3126,-147,-2035,-807,-152,-83,-68,-256,6233568,8496096,15,13,9,8
35256,0,-4522,6738,14106,-266,14150,93367,3126,-118,-2038,-733,-124,-82,-29,-288,6234080,8496096,15,14,8,9
35279,0,-4204,7154,14009,1242,13949,93350,3128,-108,-1996,-710,3,-55,-8,-272,6233568,8496608,16,13,9,9
35302,0,-3928,7538,14020,-266,14026,93367,3126,-102,-2012,-720,183,-4,-54,-272,6234080,8496096,15,13,10,12
35333,0,-3590,8030,14050,-266,14069,93367,3126,-96,-2021,-735,320,13,-70,-224,6234080,8496096,15,14,10,8
35356,0,-3312,8404,13994,-266,13959,93367,3126,-89,-1998,-732,321,34,-70,-304,6234080,8496096,16,13,9,9
35379,0,-2981,8801,13851,1597,13762,93346,3126,-119,-1957,-697,292,14,-93,-288,6233568,8496096,14,14,9,9
35403,0,-2740,9147,13736,-1863,13666,93385,3124,-114,-1937,-659,245,58,-189,-272,6234592,8495584,14,14,9,10
35434,0,-2387,9611,13841,-266,13906,93367,3126,-59,-1987,-671,219,143,-393,-272,6234080,8496096,15,13,8,10
35455,0,-2127,9933,13851,-266,13858,93367,3126,-47,-1977,-629,324,164,-415,-272,6234080,8496096,15,13,9,8
35478,0,-1849,10285,14317,-266,14605,93367,3126,6,-2133,-711,583,152,-355,-288,6234080,8496096,14,14,10,10
35503,0,-1605,10637,14589,-2218,14758,93389,3126,-40,-2165,-622,452,103,-109,-288,6234592,8496096,16,14,9,9
35533,0,-1250,11087,14318,-266,14150,93367,3126,11,-2038,-682,-51,-148,-102,-272,6234080,8496096,15,13,9,9
35557,0,-960,11441,14258,-266,14222,93367,3126,2,-2053,-493,-381,-174,-130,-288,6234080,8496096,15,14,10,9
35582,0,-658,11808,14499,-266,14648,93367,3126,6,-2142,-550,-321,-149,-182,-288,6234080,8496096,15,13,9,9
35606,0,-367,12161,14715,-266,14849,93367,3126,27,-2184,-561,133,-11,-43,-304,6234080,8496096,15,13,8,9
35637,0,-1,12598,14226,-621,13925,93371,3128,-18,-1991,-520,393,149,70,-272,6234080,8496608,15,13,9,9
35660,0,339,12950,14055,1951,13949,93342,3124,-14,-1996,-533,279,95,-73,-304,6233568,8495584,13,13,9,9
35683,0,614,13262,14300,-266,14452,93367,3126,-41,-2101,-522,128,29,5,-224,6234080,8496096,15,13,11,9
35707,0,956,13615,14222,1597,14174,93346,3126,-6,-2043,-525,140,9,0,-256,6233568,8496096,15,14,9,9
35737,0,1323,14015,14278,-266,14313,93367,3126,-22,-2072,-449,85,30,33,-256,6234080,8496096,14,13,9,9
35759,0,1581,14297,14234,-266,14208,93367,3126,-35,-2050,-424,183,32,24,-304,6234080,8496096,15,13,9,9
35783,0,1865,14602,14196,-266,14174,93367,3126,-10,-2043,-415,236,13,-46,-272,6234080,8496096,15,13,9,9
35808,0,2163,14918,14321,-266,14399,93367,3126,-43,-2090,-512,108,86,-23,-272,6234080,8496096,15,14,9,9
35837,0,2520,15286,14372,-266,14404,93367,3126,7,-2091,-435,171,13,7,-272,6234080,8496096,15,14,8,9
35866,1,2820,15616,14308,-2218,14270,93389,3126,-14,-2063,-436,169,-34,-30,-304,6234592,8496096,15,13,9,9
35889,1,3083,15886,14227,-266,14179,93367,3126,-20,-2044,-382,162,-5,-4,-240,6234080,8496096,15,13,8,9
35913,1,3361,16165,14182,-266,14155,93367,3126,12,-2039,-417,155,-5,-124,-288,6234080,8496096,15,13,9,9
35938,1,3654,16455,14322,-266,14409,93367,3126,-5,-2092,-414,17,-47,-100,-256,6234080,8496096,15,14,8,9
35966,1,3994,16783,14339,-266,14351,93367,3126,9,-2080,-405,-153,-79,-38,-272,6234080,8496096,15,13,9,9
35990,1,4257,17041,14192,-621,14102,93371,3128,-21,-2028,-374,-6,-94,-87,-288,6234080,8496608,14,13,9,9
36016,1,4561,17328,14224,-266,14246,93367,3126,47,-2058,-378,1,-30,-195,-224,6234080,8496096,15,13,9,9
36040,1,4831,17582,14207,-266,14198,93367,3126,6,-2048,-197,222,-35,-245,-304,6234080,8496096,14,14,9,9
36070,1,5202,17916,14319,-266,14390,93367,3126,42,-2088,-295,485,7,-84,-288,6234080,8496096,14,13,9,9
36093,1,5502,18176,14152,1597,14050,93346,3126,-6,-2017,-302,461,101,-120,-272,6233568,8496096,15,14,9,9
36117,1,5707,18382,14315,-2218,14418,93389,3126,32,-2094,-355,355,-10,-87,-240,6234592,8496096,15,13,9,10
36139,1,5932,18591,14280,-266,14260,93367,3126,59,-2061,-323,406,-23,-119,-224,6234080,8496096,15,13,9,10
36168,1,6283,18895,14385,-266,14452,93367,3126,52,-2101,-245,301,27,-80,-272,6234080,8496096,15,13,9,9
36190,1,6503,19096,14381,-266,14380,93367,3126,41,-2086,-277,249,-54,-105,-272,6234080,8496096,14,14,9,8
36214,1,6748,19314,14267,-621,14198,93371,3128,46,-2048,-387,77,-5,-109,-304,6234080,8496608,14,13,9,9
36236,1,6953,19499,14286,-621,14299,93371,3128,47,-2069,-184,90,-21,-9,-320,6234080,8496608,14,13,10,12
36265,1,7238,19744,14091,-2484,13973,93392,3128,43,-2001,-244,53,-53,-39,-272,6234592,8496608,15,13,9,9
36288,1,7468,19941,14399,-266,14591,93367,3126,79,-2130,-190,89,-66,-14,-272,6234080,8496096,15,13,8,10
36311,1,7740,20165,14602,1242,14729,93350,3128,117,-2159,-286,391,14,-84,-224,6233568,8496608,16,13,9,9
36332,1,7970,20355,14384,1242,14251,93350,3128,39,-2059,-114,305,191,95,-272,6233568,8496608,14,15,9,10
36360,1,8294,20606,13957,-266,13695,93367,3126,42,-1943,-197,209,65,2,-288,6234080,8496096,16,14,9,10
36383,1,8567,20811,14093,1597,14179,93346,3126,68,-2044,-140,220,-5,-93,-288,6233568,8496096,15,14,10,10
36406,1,8786,20986,14361,-266,14528,93367,3126,80,-2117,-203,287,73,-132,-288,6234080,8496096,16,13,9,9
36429,1,9002,21159,14271,-266,14217,93367,3126,48,-2052,-102,261,104,32,-272,6234080,8496096,15,13,9,9
36451,1,9196,21314,14225,-266,14198,93367,3126,88,-2048,-131,68,90,18,-288,6234080,8496096,15,13,9,10
36479,1,9566,21577,14157,1597,14117,93346,3126,77,-2031,-172,-64,30,-169,-272,6233568,8496096,15,14,9,10
36502,1,9774,21737,14376,-266,14514,93367,3126,45,-2114,-120,18,-43,-141,-224,6234080,8496096,16,13,9,10
36526,1,9946,21874,14125,-2218,13973,93389,3126,1,-2001,104,-386,193,89,-272,6234592,8496096,15,13,8,11
36549,1,10141,22022,14370,-621,14524,93371,3128,248,-2116,-459,-833,55,190,-288,6234080,8496608,15,13,9,9
36579,1,10537,22287,13857,1242,13542,93350,3128,74,-1911,-55,-735,-167,-105,-240,6233568,8496608,16,13,9,9
36602,1,10733,22424,14051,-266,14174,93367,3126,117,-2043,-327,-364,-116,-238,-240,6234080,8496096,15,14,8,9
36626,1,10949,22580,14572,-266,14897,93367,3126,101,-2194,-201,121,25,-59,-256,6234080,8496096,15,13,9,11
36650,1,11163,22736,14387,-266,14275,93367,3126,92,-2064,-166,259,163,77,-256,6234080,8496096,15,13,9,9
36681,1,11519,22976,14351,-621,14332,93371,3128,76,-2076,-231,2,78,23,-272,6234080,8496608,14,13,9,9
36704,1,11744,23128,14349,1242,14351,93350,3128,96,-2080,-240,-132,-6,95,-272,6233568,8496608,15,13,9,10
36726,1,11902,23235,14023,-266,13824,93367,3126,80,-1970,-70,-215,81,72,-256,6234080,8496096,15,13,9,9
36749,1,12082,23351,14127,-266,14193,93367,3126,85,-2047,-219,-174,62,-182,-240,6234080,8496096,15,14,9,8
36779,1,12355,23532,14556,-2484,14825,93392,3128,59,-2179,-275,-175,6,-2,-272,6234592,8496608,15,13,9,9
36803,1,12603,23694,14460,1597,14404,93346,3126,78,-2091,-224,-212,-51,129,-272,6233568,8496096,14,14,8,9
36827,1,12795,23817,14175,-266,14002,93367,3126,32,-2007,-183,-257,-65,45,-272,6234080,8496096,15,13,10,9
36851,1,12974,23927,14090,-621,14040,93371,3128,47,-2015,-188,-271,-6,-8,-272,6234080,8496608,15,14,8,9
36881,1,13301,24120,14107,-266,14121,93367,3126,69,-2032,-231,-97,57,-71,-288,6234080,8496096,15,13,8,9
36904,1,13448,24206,14084,-621,14073,93371,3128,71,-2022,-279,33,86,-149,-256,6234080,8496608,15,13,9,9
36929,1,13595,24293,14220,-2218,14308,93389,3126,89,-2071,-230,48,80,-103,-272,6234592,8496096,14,14,9,10
36952,1,13739,24378,14231,-621,14241,93371,3128,78,-2057,-203,-61,-19,-61,-304,6234080,8496608,15,14,9,9
36976,1,13904,24474,14126,-621,14064,93371,3128,133,-2020,-204,-139,-80,-94,-288,6234080,8496608,15,15,10,8
37007,1,14287,24693,14301,1242,14413,93350,3128,67,-2093,-200,-103,-61,-86,-272,6233568,8496608,14,13,9,10
37031,1,14452,24790,14454,-266,14552,93367,3126,139,-2122,-197,-97,12,13,-272,6234080,8496096,15,14,9,9
37055,1,14605,24876,14252,-621,14131,93371,3128,84,-2034,-196,27,70,9,-272,6234080,8496608,15,14,9,8
37076,1,14695,24920,14063,-266,13949,93367,3126,74,-1996,-200,-17,62,-64,-288,6234080,8496096,15,13,9,9
37106,1,15001,25085,14141,-266,14193,93367,3126,111,-2047,-196,-82,-74,-109,-240,6234080,8496096,15,14,10,8
37130,1,15145,25161,14343,-621,14471,93371,3128,101,-2105,-210,-188,-80,-59,-272,6234080,8496608,15,13,9,8
37153,1,15264,25223,14432,-621,14490,93371,3128,110,-2109,-266,-131,-76,-35,-304,6234080,8496608,14,14,9,9
37177,1,15415,25303,14247,-266,14136,93367,3126,101,-2035,-185,-53,-27,-65,-272,6234080,8496096,14,15,9,9
37208,1,15726,25465,14184,-621,14150,93371,3128,96,-2038,-201,59,43,-92,-288,6234080,8496608,14,14,9,9
37232,1,15857,25527,14211,-621,14231,93371,3128,89,-2055,-289,25,31,-12,-288,6234080,8496608,14,14,9,9
37253,1,15976,25580,14029,1597,13920,93346,3126,104,-1990,-182,-163,22,-52,-240,6233568,8496096,15,14,9,11
37279,1,16155,25660,14013,-621,14006,93371,3128,119,-2008,-297,-351,-160,-144,-272,6234080,8496608,14,13,9,9
37308,1,16415,25784,14036,-266,14054,93367,3126,165,-2018,-230,-436,-110,-292,-256,6234080,8496096,15,14,9,9
37333,1,16559,25848,14341,-621,14533,93371,3128,106,-2118,-324,-105,-124,-337,-272,6234080,8496608,15,13,8,9
37357,1,16675,25900,14424,-621,14480,93371,3128,344,-2107,-171,-756,47,-108,-288,6234080,8496608,15,13,10,11
37380,1,16776,25945,14549,-266,14629,93367,3126,290,-2138,-351,-1017,38,-17,-272,6234080,8496096,14,14,9,9
37409,1,16962,26034,14427,-2484,14356,93392,3128,237,-2081,-318,-1267,74,-72,-272,6234592,8496608,15,13,9,9
37433,1,17071,26078,14339,-621,14289,93371,3128,185,-2067,-405,-1110,96,-159,-32,6234080,8496608,15,14,9,9
37455,1,17128,26095,14448,-621,14519,93371,3128,118,-2115,-369,-787,145,-106,-288,6234080,8496608,16,13,8,9
37477,1,17133,26087,14780,-2484,14988,93392,3128,189,-2213,-611,-145,93,50,-288,6234592,8496608,15,13,10,10
37499,1,17203,26115,14531,-266,14380,93367,3126,158,-2086,-456,73,155,219,-272,6234080,8496096,16,14,9,9
37528,1,17438,26226,14195,-621,13992,93371,3128,174,-2005,-557,127,142,56,-240,6234080,8496608,15,14,9,10
37550,1,17501,26241,14381,-266,14500,93367,3126,147,-2111,-469,-4,105,-14,-16,6234080,8496096,15,15,10,8
37573,1,17579,26266,14316,-621,14279,93371,3128,66,-2065,-378,-312,164,17,-272,6234080,8496608,14,13,9,11
37595,1,17631,26276,14407,-621,14466,93371,3128,146,-2104,-619,-256,-4,135,-240,6234080,8496608,15,12,9,10
37623,1,17899,26403,14267,1597,14184,93346,3126,171,-2045,-640,-524,12,76,-256,6233568,8496096,15,14,9,10
37647,1,18005,26439,14275,-266,14284,93367,3126,163,-2066,-594,-364,-41,94,-272,6234080,8496096,14,13,9,9
37669,1,18050,26441,14323,-621,14356,93371,3128,190,-2081,-618,-383,-45,109,-256,6234080,8496608,14,13,9,10
37692,1,18120,26457,14258,-621,14222,93371,3128,131,-2053,-548,-345,-39,102,-272,6234080,8496608,14,13,9,9
37720,1,18379,26574,14237,1597,14227,93346,3126,103,-2054,-561,-407,-17,38,-240,6233568,8496096,14,13,9,9
37744,1,18520,26624,14125,1242,14059,93350,3128,122,-2019,-637,-579,-86,-3,-288,6233568,8496608,15,13,9,10
37766,1,18565,26621,14176,-266,14212,93367,3126,99,-2051,-728,-721,-195,-48,-512,6234080,8496096,15,14,9,9
37789,1,18635,26631,14093,-266,14045,93367,3126,79,-2016,-694,-974,-287,-33,-256,6234080,8496096,15,13,9,9
37820,1,18900,26739,14049,-621,14026,93371,3128,136,-2012,-745,-1244,-325,-14,-240,6234080,8496608,15,14,9,10
37845,1,19003,26762,14100,-621,14136,93371,3128,101,-2035,-830,-1169,-263,-37,-240,6234080,8496608,16,13,9,9
37869,1,19077,26771,14232,-621,14318,93371,3128,127,-2073,-1022,-950,-236,-1,-304,6234080,8496608,14,14,8,9
37892,1,19187,26802,14093,1597,14011,93346,3126,69,-2009,-991,-1239,-224,2,-288,6233568,8496096,15,13,8,10
37923,1,19491,26928,13901,1242,13786,93350,3128,87,-1962,-1026,-1741,-274,85,-48,6233568,8496608,15,13,9,9
37946,1,19580,26936,13718,1242,13609,93350,3128,139,-1925,-1108,-1809,-314,72,-288,6233568,8496608,15,13,9,10
37970,1,19641,26920,13435,-621,13264,93371,3128,47,-1853,-1186,-2224,-302,76,-224,6234080,8496608,15,13,9,10
37994,1,19700,26901,13442,-621,13451,93371,3128,53,-1892,-1401,-2910,-509,124,-240,6234080,8496608,15,13,10,9
38025,1,19948,26971,13160,-266,12991,93367,3126,15,-1796,-1572,-3405,-539,496,-256,6234080,8496096,15,13,9,10
38049,1,20006,26934,12500,-266,12096,93367,3126,13,-1609,-1624,-3657,-648,581,-224,6234080,8496096,14,12,9,10
38071,1,20063,26889,11892,1597,11521,93346,3126,-87,-1489,-1773,-3975,-921,453,-224,6233568,8496096,15,13,9,9
38094,1,20092,26812,11326,-266,10980,93367,3126,-118,-1376,-1634,-3912,-703,523,-176,6234080,8496096,15,13,9,9
38118,1,20145,26734,10894,-266,10631,93367,3126,-166,-1303,-2055,-3456,-778,460,-192,6234080,8496096,14,13,9,12
38147,1,20323,26687,9944,-266,9362,93367,3126,-219,-1038,-2094,-3461,-467,277,-192,6234080,8496096,15,13,9,9
38172,1,20390,26577,9306,-266,8916,93367,3126,-215,-945,-2149,-2857,-396,205,-160,6234080,8496096,15,13,10,9
38195,1,20454,26467,8862,1597,8591,93346,3126,-243,-877,-2391,-2576,-331,269,-192,6233568,8496096,14,14,9,9
38219,1,20487,26322,8298,-266,7954,93367,3126,-252,-744,-2413,-2617,-263,374,-176,6234080,8496096,15,13,9,4
38249,1,20667,26198,7236,-266,6584,93367,3126,-326,-458,-2330,-2750,-317,358,-160,6234080,8496096,16,13,9,10
38271,1,20687,26026,6591,1597,6197,93346,3126,-330,-377,-2322,-2554,-288,169,-176,6233568,8496096,15,14,9,9
38295,1,20702,25827,6360,-266,6221,93367,3126,-403,-382,-2624,-2378,-290,207,-160,6234080,8496096,14,14,9,9
38317,1,20716,25635,5555,1597,5062,93346,3126,-386,-140,-2494,-2510,-265,255,-112,6233568,8496096,16,13,9,10
38346,1,20790,25394,4735,-2218,4233,93389,3126,-396,33,-2552,-2437,-478,45,-112,6234592,8496096,14,13,9,9
38369,1,20769,25147,4354,0,4123,93364,3124,-362,56,-2400,-1881,-340,97,-80,6234080,8495584,15,14,9,9
38394,1,20786,24895,3925,-266,3664,93367,3126,-370,152,-2399,-1351,-107,183,-112,6234080,8496096,15,14,9,9
38417,1,20748,24626,3497,-266,3237,93367,3126,-415,241,-2324,-1049,-80,113,-80,6234080,8496096,16,14,9,9
38446,1,20909,24404,3307,1951,3194,93342,3124,-379,250,-2231,-445,58,139,-64,6233568,8495584,15,13,9,9
38470,1,20879,24122,3007,-266,2826,93367,3126,-398,327,-2437,-468,114,158,-80,6234080,8496096,15,14,9,10
38493,1,20827,23836,2682,0,2486,93364,3124,-409,398,-2387,-990,23,81,-64,6234080,8495584,15,13,8,9
38517,1,20795,23550,2665,0,2658,93364,3124,-381,362,-2365,-1332,-39,78,-64,6234080,8495584,14,13,10,10
38547,1,20891,23270,2314,0,2103,93364,3124,-390,478,-2263,-1672,-36,75,-64,6234080,8495584,15,13,10,10
38571,1,20840,22966,1790,0,1471,93364,3124,-416,610,-2316,-1879,32,116,-32,6234080,8495584,15,14,9,9
38595,1,20795,22654,1143,355,747,93360,3122,-395,761,-2360,-2012,-93,-45,-80,6234080,8495072,14,13,9,10
38617,1,20701,22333,929,355,800,93360,3122,-386,750,-2263,-2195,-99,18,-80,6234080,8495072,14,14,9,9
38640,1,20626,22012,779,355,690,93360,3122,-412,773,-2230,-2322,-284,52,-48,6234080,8495072,15,13,8,9
38669,1,20671,21687,481,355,302,93360,3122,-403,854,-2049,-1635,-145,150,-32,6234080,8495072,15,13,9,9
38692,1,20526,21317,-117,-1597,-483,93382,3122,-407,1018,-1969,-1315,154,211,-32,6234592,8495072,15,13,8,10
38716,2,20397,20937,-594,-1597,-885,93382,3122,-389,1102,-2076,-1205,49,96,-16,6234592,8495072,15,13,8,9
38739,2,20244,20555,-749,-1597,-842,93382,3122,-434,1093,-2058,-1375,61,14,-16,6234592,8495072,16,14,9,11
38769,2,20278,20190,-1067,355,-1259,93360,3122,-405,1180,-1844,-1511,96,117,-16,6234080,8495072,15,14,9,9
38792,2,20217,19855,-1536,2218,-1824,93339,3122,-401,1298,-1898,-1869,-60,132,-16,6233568,8495072,16,14,9,9
38815,2,20099,19486,-1672,355,-1752,93360,3122,-453,1283,-1976,-2332,-64,47,-32,6234080,8495072,15,13,8,10
38839,2,19940,19082,-1830,-1597,-1924,93382,3122,-436,1319,-1892,-2166,-139,174,-64,6234592,8495072,15,14,9,11
38869,2,19946,18693,-2249,621,-2504,93357,3121,-395,1440,-1666,-962,-66,240,-16,6234080,8494560,14,14,8,8
38892,2,19763,18283,-2524,-1242,-2691,93378,3121,-398,1479,-1709,-462,34,249,-16,6234592,8494560,15,13,9,9
38917,2,19601,17859,-2795,-1597,-2959,93382,3122,-392,1535,-1687,-799,21,231,16,6234592,8495072,15,14,9,9
38939,2,19438,17475,-2913,355,-2983,93360,3122,-377,1540,-1654,-1135,-20,229,32,6234080,8495072,15,13,9,9
38969,2,19411,17066,-3121,621,-3246,93357,3121,-334,1595,-1601,-1052,59,260,-16,6234080,8494560,14,13,9,10
38992,2,19206,16643,-3567,-1242,-3840,93378,3121,-342,1719,-1503,-1079,83,205,16,6234592,8494560,14,13,9,9
39016,2,19013,16213,-3726,-1242,-3821,93378,3121,-361,1715,-1577,-1192,55,95,0,6234592,8494560,15,14,9,9
39041,2,18885,15816,-3511,621,-3375,93357,3121,-357,1622,-1484,-1119,21,28,32,6234080,8494560,15,12,9,10
39070,2,18756,15377,-3418,-1242,-3356,93378,3121,-354,1618,-1379,-1015,29,152,-16,6234592,8494560,15,15,9,9
39092,2,18569,14996,-3573,621,-3667,93357,3121,-356,1683,-1350,-1136,-8,211,-16,6234080,8494560,16,12,9,11
39115,2,18353,14586,-3888,-887,-4079,93374,3119,-301,1769,-1344,-942,-4,245,16,6234592,8494048,15,14,10,9
39139,2,18147,14168,-4156,-887,-4319,93374,3119,-290,1819,-1240,-936,31,256,32,6234592,8494048,14,13,9,9
39163,2,17946,13752,-4465,-621,-4654,93371,3117,-222,1889,-1079,-1338,98,248,48,6234592,8493536,15,13,9,9
39193,2,17810,13303,-4380,-887,-4323,93374,3119,-230,1820,-1127,-1141,-69,236,16,6234592,8494048,15,14,9,8
39218,2,17600,12879,-4513,-887,-4592,93374,3119,-277,1876,-1062,-1135,-62,190,32,6234592,8494048,15,14,9,9
39243,2,17393,12461,-4551,-621,-4572,93371,3117,-251,1872,-993,-1463,-126,246,-16,6234592,8493536,15,13,9,8
39267,2,17163,12041,-4927,-887,-5157,93374,3119,-235,1994,-998,-1361,-15,187,32,6234592,8494048,15,13,9,9
39297,2,16997,11589,-4997,-887,-5037,93374,3119,-196,1969,-791,-1287,62,150,48,6234592,8494048,15,14,10,9
39321,2,16808,11200,-5017,976,-5027,93353,3119,-212,1967,-812,-1130,-97,51,-16,6234080,8494048,15,14,10,9
39345,2,16572,10791,-4821,-621,-4697,93371,3117,-226,1898,-812,-690,-84,161,32,6234592,8493536,16,13,9,9
39369,2,16332,10383,-5193,-621,-5420,93371,3117,-224,2049,-781,-660,-125,165,48,6234592,8493536,13,13,10,8
39399,2,16201,9973,-5116,1242,-5066,93350,3117,-205,1975,-661,-999,-143,108,64,6234080,8493536,15,13,8,9
39422,2,15942,9573,-5208,-621,-5262,93371,3117,-192,2016,-582,-1369,-62,118,64,6234592,8493536,16,14,9,10
39446,2,15691,9172,-5184,-621,-5166,93371,3117,-211,1996,-628,-1420,-60,92,96,6234592,8493536,15,13,9,9
39470,2,15439,8773,-5349,-621,-5449,93371,3117,-201,2055,-570,-779,-85,90,16,6234592,8493536,16,13,8,9
39500,2,15232,8345,-5196,-621,-5099,93371,3117,-164,1982,-467,-158,-21,-68,64,6234592,8493536,15,13,9,9
39524,2,14972,7955,-5150,-621,-5118,93371,3117,-212,1986,-452,-487,-79,107,64,6234592,8493536,16,14,9,9
39549,2,14728,7569,-5318,-266,-5420,93367,3115,-155,2049,-445,-489,-91,59,16,6234592,8493024,14,13,9,9
39573,2,14474,7191,-5279,-266,-5252,93367,3115,-184,2014,-480,-459,-79,27,48,6234592,8493024,15,13,9,9
39603,2,14258,6789,-5030,-266,-4874,93367,3115,-192,1935,-411,-530,-91,91,32,6234592,8493024,14,13,9,9
39628,2,13948,6390,-4879,-2218,-4783,93389,3115,-198,1916,-404,-266,-71,147,32,6235104,8493024,15,13,9,10
39652,2,13688,6034,-4886,-266,-4888,93367,3115,-184,1938,-397,11,-39,193,32,6234592,8493024,15,14,9,10
39676,2,13372,5647,-5209,-2218,-5406,93389,3115,-148,2046,-432,-292,-71,263,48,6235104,8493024,15,14,9,10
39700,2,13112,5289,-5533,-266,-5731,93367,3115,-151,2114,-407,-298,-151,203,16,6234592,8493024,16,13,9,9
39731,2,12891,4898,-5461,0,-5415,93364,3114,-105,2048,-321,-18,-46,61,32,6234592,8492512,15,13,9,9
39755,2,12625,4547,-5425,-266,-5401,93367,3115,-104,2045,-361,-64,-10,87,48,6234592,8493024,14,13,9,9
39780,2,12371,4199,-5488,0,-5525,93364,3114,-83,2071,-298,22,29,79,80,6234592,8492512,15,14,9,9
39804,2,12105,3856,-5471,-266,-5458,93367,3115,-93,2057,-371,-17,52,39,48,6234592,8493024,14,13,9,10
39835,2,11814,3451,-5515,-1863,-5540,93385,3114,-119,2074,-371,-81,11,27,64,6235104,8492512,14,14,9,9
39859,2,11545,3120,-5215,-266,-5027,93367,3115,-161,1967,-373,-100,20,37,-16,6234592,8493024,15,14,9,10
39881,2,11279,2811,-5357,0,-5444,93364,3114,-118,2054,-401,75,28,107,80,6234592,8492512,14,13,9,9
39903,2,10961,2472,-5506,-1863,-5597,93385,3114,-82,2086,-373,104,64,-42,64,6235104,8492512,15,13,9,9
39933,2,10769,2158,-5267,1863,-5118,93343,3114,-137,1986,-391,-262,-26,131,32,6234080,8492512,14,14,9,9
39955,2,10505,1860,-5469,0,-5592,93364,3114,-104,2085,-388,-128,-37,58,64,6234592,8492512,15,13,10,9
39978,2,10237,1559,-5226,-266,-5075,93367,3115,-98,1977,-362,119,20,-15,32,6234592,8493024,15,14,9,9
40002,2,9979,1264,-5205,0,-5190,93364,3114,-91,2001,-378,-88,-10,109,16,6234592,8492512,14,13,9,9
40031,2,9718,941,-5318,-266,-5386,93367,3115,-64,2042,-338,-112,-24,11,32,6234592,8493024,14,13,9,9
40054,2,9460,657,-5334,0,-5343,93364,3114,-72,2033,-353,203,37,15,0,6234592,8492512,15,13,9,9
40075,2,9202,391,-5181,0,-5085,93364,3114,-75,1979,-402,151,82,29,48,6234592,8492512,16,13,9,10
40097,2,8948,124,-5326,0,-5415,93364,3114,-110,2048,-471,-243,-23,118,-16,6234592,8492512,15,14,9,10
40125,2,8747,-142,-5390,1863,-5429,93343,3114,-79,2051,-401,-171,-39,36,48,6234080,8492512,15,14,9,9
41146,4,-830,-7269,1536,1242,1892,93350,3107,864,522,-2519,3886,609,818,-48,6234592,8490464,15,15,8,9
42156,4,-3361,-3317,1981,621,2021,93357,3100,677,495,-2308,-74,-3,-25,-64,6235104,8488416,15,14,10,9
43177,4,-1927,305,1881,1597,1878,93346,3095,645,525,-2313,-76,14,-15,-80,6235104,8486880,14,13,9,10
